-- phpMyAdmin SQL Dump
-- version 5.0.2
-- https://www.phpmyadmin.net/
--
-- Хост: 127.0.0.1:3306
-- Время создания: Мар 22 2021 г., 16:25
-- Версия сервера: 10.3.22-MariaDB
-- Версия PHP: 7.3.17

SET SQL_MODE = "NO_AUTO_VALUE_ON_ZERO";
START TRANSACTION;
SET time_zone = "+00:00";


/*!40101 SET @OLD_CHARACTER_SET_CLIENT=@@CHARACTER_SET_CLIENT */;
/*!40101 SET @OLD_CHARACTER_SET_RESULTS=@@CHARACTER_SET_RESULTS */;
/*!40101 SET @OLD_COLLATION_CONNECTION=@@COLLATION_CONNECTION */;
/*!40101 SET NAMES utf8mb4 */;

--
-- База данных: `shop_db`
--

-- --------------------------------------------------------

--
-- Структура таблицы `basket`
--

CREATE TABLE `basket` (
  `id` int(11) NOT NULL,
  `user_id` int(11) NOT NULL
) ENGINE=InnoDB DEFAULT CHARSET=utf8mb4 COLLATE=utf8mb4_unicode_ci;

--
-- Дамп данных таблицы `basket`
--

INSERT INTO `basket` (`id`, `user_id`) VALUES
(1, 1),
(2, 4),
(3, 2);

-- --------------------------------------------------------

--
-- Структура таблицы `basket_item`
--

CREATE TABLE `basket_item` (
  `id` int(11) NOT NULL,
  `basket_id` int(11) NOT NULL,
  `product_id` int(11) NOT NULL,
  `quantity` int(11) DEFAULT 1
) ENGINE=InnoDB DEFAULT CHARSET=utf8mb4 COLLATE=utf8mb4_unicode_ci;

-- --------------------------------------------------------

--
-- Структура таблицы `categories`
--

CREATE TABLE `categories` (
  `id` int(11) NOT NULL,
  `title` varchar(255) DEFAULT NULL,
  `group_id` int(11) DEFAULT NULL,
  `parent_id` int(11) DEFAULT NULL,
  `prior` int(11) NOT NULL
) ENGINE=InnoDB DEFAULT CHARSET=utf8;

--
-- Дамп данных таблицы `categories`
--

INSERT INTO `categories` (`id`, `title`, `group_id`, `parent_id`, `prior`) VALUES
(1, 'Комедии', 1, 0, 100),
(2, 'Детективы', 1, 0, 90),
(3, 'Фантастика', 1, 0, 80),
(4, 'Драма', 1, 0, 70),
(5, 'Научные', 1, 0, 60),
(6, 'Исторические', 1, 0, 50),
(7, 'Биснес', 1, 0, 1000),
(8, 'За 2020 год', 2, 0, 100),
(9, 'За текущий год', 2, 0, 90),
(10, 'За 20 столетие', 2, 0, 80),
(11, 'Бил Мартин', 3, 0, 100),
(12, 'Джемс Хериот', 4, 0, 90),
(13, 'Тими Ченчез', 3, 0, 80),
(14, 'Комедии', 4, 0, 100),
(15, 'Детективы', 4, 0, 100),
(16, 'Детские', 4, 0, 90),
(17, '1800-1900', 5, 0, 100),
(18, '1900-2000', 5, 0, 100),
(19, '21 век', 5, 0, 200);

-- --------------------------------------------------------

--
-- Структура таблицы `category_group`
--

CREATE TABLE `category_group` (
  `id` int(11) NOT NULL,
  `title` varchar(64) NOT NULL
) ENGINE=InnoDB DEFAULT CHARSET=utf8;

--
-- Дамп данных таблицы `category_group`
--

INSERT INTO `category_group` (`id`, `title`) VALUES
(1, 'Жанр'),
(2, 'Топ 100'),
(3, 'Авторы'),
(4, 'Часто покупаемые'),
(5, 'Год издания');

-- --------------------------------------------------------

--
-- Структура таблицы `category_product`
--

CREATE TABLE `category_product` (
  `product_id` int(11) NOT NULL,
  `category_id` int(11) NOT NULL
) ENGINE=InnoDB DEFAULT CHARSET=utf8;

--
-- Дамп данных таблицы `category_product`
--

INSERT INTO `category_product` (`product_id`, `category_id`) VALUES
(276, 12),
(2480, 2),
(2045, 11),
(2289, 17),
(1660, 2),
(1484, 8),
(1997, 14),
(12, 12),
(992, 6),
(2038, 9),
(135, 9),
(2375, 2),
(2277, 3),
(2021, 4),
(1637, 13),
(1793, 2),
(1965, 7),
(200, 13),
(349, 6),
(2448, 12),
(2205, 17),
(1499, 2),
(1348, 16),
(389, 14),
(1397, 2),
(352, 9),
(1037, 6),
(2343, 11),
(2158, 10),
(2358, 5),
(670, 14),
(1133, 10),
(1803, 15),
(1056, 5),
(818, 8),
(1833, 15),
(1772, 6),
(152, 5),
(1066, 12),
(1942, 6),
(2040, 10),
(1650, 3),
(384, 14),
(2339, 4),
(2496, 7),
(2283, 15),
(482, 2),
(1930, 12),
(2495, 7),
(259, 19),
(953, 13),
(1626, 3),
(1682, 11),
(2326, 12),
(831, 17),
(1263, 7),
(607, 6),
(337, 16),
(419, 8),
(1757, 17),
(2085, 7),
(1995, 4),
(1785, 6),
(1424, 14),
(1789, 16),
(1452, 4),
(1719, 2),
(1695, 8),
(1508, 7),
(644, 18),
(1724, 15),
(586, 16),
(1421, 6),
(825, 10),
(124, 16),
(1965, 18),
(1337, 17),
(1686, 14),
(1818, 17),
(697, 15),
(1986, 19),
(2326, 13),
(2016, 2),
(186, 18),
(2243, 4),
(571, 14),
(1886, 16),
(1824, 15),
(726, 4),
(1657, 14),
(2329, 2),
(451, 3),
(1695, 5),
(1014, 16),
(1820, 4),
(1954, 5),
(1975, 2),
(2271, 10),
(2122, 16),
(292, 14),
(867, 17),
(193, 12),
(151, 14),
(959, 4),
(2267, 13),
(1409, 18),
(1043, 3),
(2184, 10),
(2461, 5),
(1134, 16),
(1436, 18),
(1203, 1),
(23, 7),
(1582, 19),
(1901, 2),
(1113, 3),
(1782, 4),
(2097, 7),
(62, 11),
(2372, 13),
(656, 17),
(1933, 12),
(302, 3),
(965, 14),
(330, 14),
(2102, 1),
(1834, 9),
(696, 15),
(1095, 9),
(561, 10),
(2173, 8),
(666, 19),
(2307, 12),
(2037, 11),
(138, 13),
(2431, 16),
(186, 19),
(2215, 8),
(1729, 5),
(363, 17),
(1727, 17),
(860, 17),
(1765, 8),
(829, 8),
(14, 15),
(2167, 10),
(1429, 17),
(393, 8),
(1963, 14),
(1681, 19),
(933, 18),
(2449, 6),
(188, 19),
(356, 7),
(277, 11),
(121, 4),
(248, 13),
(1076, 6),
(1189, 18),
(1697, 14),
(1487, 5),
(1743, 16),
(264, 6),
(1596, 3),
(1912, 1),
(936, 19),
(2210, 13),
(365, 11),
(1598, 1),
(635, 14),
(1059, 6),
(1384, 10),
(1837, 11),
(1603, 6),
(457, 19),
(537, 5),
(1874, 17),
(2246, 5),
(489, 8),
(2303, 2),
(1494, 5),
(1301, 4),
(917, 14),
(945, 2),
(393, 10),
(2147, 17),
(303, 13),
(1257, 8),
(2391, 18),
(1159, 10),
(299, 8),
(1277, 1),
(423, 7),
(2317, 11),
(1431, 5),
(750, 10),
(1275, 17),
(1471, 4),
(1646, 1),
(122, 7),
(727, 1),
(1999, 16),
(1153, 15),
(1280, 14),
(1140, 7),
(267, 5),
(2305, 5),
(117, 3),
(2185, 17),
(1585, 17),
(1487, 18),
(1116, 7),
(1210, 15),
(1269, 17),
(1747, 10),
(1536, 1),
(1051, 3),
(1254, 14),
(2473, 6),
(786, 5),
(1752, 7),
(1401, 11),
(1248, 4),
(298, 9),
(1591, 17),
(1950, 10),
(1414, 11),
(1470, 16),
(750, 5),
(1955, 17),
(709, 2),
(214, 16),
(1583, 19),
(1933, 13),
(754, 17),
(167, 1),
(1085, 15),
(1252, 8),
(1223, 11),
(1914, 4),
(1093, 12),
(2307, 2),
(889, 19),
(2262, 8),
(1040, 2),
(1053, 2),
(1722, 13),
(511, 18),
(1907, 14),
(2040, 19),
(599, 9),
(1420, 5),
(204, 2),
(1342, 13),
(2226, 15),
(2447, 7),
(931, 3),
(819, 13),
(414, 1),
(2283, 9),
(1624, 16),
(228, 4),
(1407, 16),
(1000, 5),
(1919, 8),
(636, 15),
(469, 12),
(660, 9),
(2429, 12),
(341, 6),
(1714, 12),
(2372, 19),
(2317, 9),
(1840, 3),
(388, 6),
(2472, 15),
(1526, 2),
(1253, 12),
(2158, 7),
(61, 2),
(953, 3),
(1923, 3),
(1634, 13),
(415, 5),
(685, 19),
(1954, 6),
(2224, 11),
(572, 13),
(2255, 13),
(1168, 15),
(361, 19),
(881, 13),
(1812, 15),
(971, 1),
(2053, 2),
(785, 3),
(1818, 11),
(826, 17),
(455, 12),
(1842, 19),
(2130, 16),
(1103, 15),
(1898, 15),
(486, 2),
(96, 6),
(2212, 8),
(819, 7),
(2488, 15),
(2288, 16),
(344, 19),
(419, 17),
(1265, 14),
(2270, 4),
(2325, 15),
(962, 2),
(1022, 15),
(196, 14),
(565, 12),
(1321, 8),
(1513, 18),
(1493, 5),
(2190, 3),
(1148, 14),
(614, 11),
(889, 12),
(1452, 17),
(1849, 1),
(1954, 2),
(1304, 10),
(1581, 14),
(896, 3),
(1458, 12),
(878, 10),
(1330, 15),
(1460, 16),
(1243, 12),
(2200, 1),
(1948, 6),
(1136, 12),
(2188, 15),
(2484, 17),
(1622, 8),
(171, 11),
(2129, 6),
(578, 14),
(849, 19),
(1154, 5),
(2136, 7),
(1376, 6),
(1477, 14),
(2364, 8),
(782, 1),
(442, 5),
(904, 5),
(1834, 11),
(692, 17),
(1232, 16),
(875, 14),
(788, 13),
(976, 6),
(1813, 8),
(271, 9),
(451, 4),
(209, 19),
(451, 10),
(5, 3),
(2050, 7),
(124, 12),
(286, 5),
(581, 10),
(1229, 17),
(1890, 2),
(1328, 11),
(1752, 4),
(991, 14),
(1800, 19),
(689, 9),
(1394, 17),
(2361, 19),
(911, 5),
(2067, 19),
(1222, 12),
(1723, 6),
(798, 3),
(2016, 7),
(863, 4),
(2053, 18),
(119, 15),
(886, 14),
(33, 19),
(1796, 18),
(1989, 15),
(1132, 15),
(188, 15),
(924, 17),
(2370, 15),
(1226, 18),
(1162, 7),
(333, 9),
(1639, 13),
(611, 6),
(1384, 8),
(849, 8),
(2427, 17),
(1774, 16),
(1112, 1),
(1126, 16),
(1025, 16),
(1084, 18),
(1483, 6),
(1226, 15),
(2237, 9),
(1104, 4),
(1984, 14),
(965, 18),
(1372, 3),
(1978, 1),
(757, 10),
(52, 6),
(681, 18),
(2258, 17),
(1287, 18),
(598, 16),
(2315, 7),
(675, 18),
(2302, 13),
(2029, 17),
(1175, 4),
(1571, 11),
(1619, 17),
(1206, 6),
(1265, 8),
(2286, 15),
(809, 11),
(2130, 7),
(314, 16),
(1951, 4),
(1404, 8),
(2222, 12),
(264, 11),
(971, 6),
(2273, 1),
(1765, 2),
(2338, 16),
(251, 14),
(1436, 1),
(741, 8),
(1286, 11),
(101, 11),
(439, 18),
(2500, 3),
(1656, 6),
(286, 19),
(145, 2),
(230, 10),
(1130, 14),
(2353, 2),
(755, 16),
(2193, 5),
(329, 12),
(1343, 7),
(2459, 15),
(1332, 4),
(325, 17),
(52, 9),
(1552, 18),
(1476, 13),
(130, 4),
(2309, 1),
(1452, 15),
(1836, 11),
(673, 16),
(735, 6),
(2148, 1),
(962, 7),
(461, 12),
(2120, 4),
(82, 10),
(1195, 18),
(349, 11),
(1033, 11),
(1316, 12),
(1708, 6),
(1493, 14),
(615, 16),
(153, 19),
(1931, 8),
(1473, 3),
(277, 1),
(1810, 7),
(2171, 19),
(2383, 12),
(1788, 4),
(1196, 2),
(1023, 7),
(2119, 9),
(916, 2),
(1038, 6),
(1319, 12),
(2034, 15),
(2436, 19),
(1521, 5),
(2190, 17),
(1949, 6),
(1950, 18),
(1863, 6),
(384, 13),
(1328, 1),
(2158, 16),
(1738, 19),
(1309, 7),
(680, 1),
(112, 2),
(2406, 1),
(2474, 17),
(967, 8),
(1416, 11),
(1195, 2),
(1076, 14),
(1918, 5),
(1, 1),
(1607, 10),
(2493, 17),
(2008, 6),
(2182, 9),
(783, 8),
(789, 12),
(1804, 7),
(907, 16),
(157, 2),
(303, 11),
(562, 2),
(789, 4),
(225, 1),
(2425, 1),
(1415, 4),
(959, 15),
(826, 3),
(1702, 8),
(1580, 11),
(225, 8),
(2355, 1),
(555, 6),
(246, 19),
(824, 4),
(608, 10),
(2045, 5),
(1885, 19),
(925, 6),
(1314, 7),
(1170, 15),
(458, 7),
(1805, 2),
(1418, 18),
(792, 11),
(336, 11),
(1748, 8),
(1409, 15),
(1021, 8),
(526, 12),
(1563, 6),
(1575, 3),
(739, 18),
(849, 12),
(1989, 12),
(1396, 1),
(35, 6),
(527, 19),
(950, 2),
(2397, 16),
(1687, 8),
(2376, 15),
(1201, 10),
(33, 11),
(2066, 1),
(927, 17),
(1626, 2),
(768, 6),
(1800, 15),
(691, 4),
(821, 17),
(1704, 14),
(858, 11),
(901, 3),
(2434, 5),
(948, 10),
(771, 14),
(1803, 8),
(818, 10),
(887, 7),
(2273, 3),
(2244, 3),
(1301, 5),
(1961, 10),
(2162, 15),
(1697, 10),
(211, 15),
(1094, 11),
(1909, 3),
(1831, 10),
(147, 1),
(235, 4),
(2313, 6),
(527, 11),
(1035, 3),
(850, 9),
(1805, 15),
(1853, 17),
(2027, 8),
(1063, 11),
(355, 13),
(2444, 10),
(1423, 6),
(1403, 5),
(2186, 9),
(1235, 2),
(59, 15),
(939, 9),
(310, 19),
(304, 17),
(347, 18),
(331, 3),
(2373, 1),
(1086, 17),
(476, 19),
(4, 2),
(2252, 9),
(2137, 12),
(821, 5),
(659, 12),
(1951, 19),
(38, 9),
(160, 14),
(157, 11),
(1627, 18),
(84, 12),
(799, 15),
(1947, 6),
(591, 12),
(1636, 19),
(572, 19),
(1816, 14),
(1306, 19),
(1985, 2),
(1995, 1),
(290, 19),
(1684, 13),
(91, 15),
(7, 1),
(162, 4),
(1880, 17),
(1191, 3),
(2027, 14),
(2263, 13),
(1054, 4),
(1252, 4),
(2326, 2),
(2384, 16),
(974, 19),
(654, 16),
(947, 5),
(1493, 3),
(571, 9),
(156, 12),
(1283, 8),
(1417, 16),
(1559, 2),
(1968, 19),
(1345, 15),
(1176, 9),
(535, 5),
(2023, 2),
(1378, 18),
(2227, 12),
(844, 14),
(1913, 5),
(345, 12),
(592, 7),
(190, 7),
(1757, 6),
(2405, 7),
(951, 7),
(960, 12),
(1535, 12),
(1687, 14),
(2008, 16),
(961, 12),
(1657, 15),
(1449, 8),
(825, 4),
(474, 6),
(1023, 4),
(2476, 2),
(1049, 11),
(1338, 14),
(1100, 3),
(1314, 4),
(792, 7),
(459, 2),
(129, 6),
(2396, 15),
(1207, 12),
(1366, 7),
(1921, 4),
(390, 17),
(1538, 7),
(209, 8),
(2448, 5),
(441, 16),
(2459, 12),
(434, 17),
(2007, 8),
(1997, 12),
(707, 10),
(1060, 12),
(56, 8),
(1196, 5),
(88, 7),
(191, 16),
(283, 13),
(1152, 18),
(1086, 1),
(47, 6),
(425, 4),
(2140, 16),
(735, 17),
(612, 15),
(978, 17),
(220, 8),
(1751, 10),
(966, 8),
(174, 18),
(989, 8),
(1387, 2),
(10, 11),
(762, 8),
(1065, 6),
(1056, 1),
(2324, 12),
(1887, 5),
(499, 16),
(1215, 2),
(2105, 11),
(1410, 3),
(1237, 5),
(2293, 1),
(1315, 8),
(1838, 15),
(1897, 2),
(1428, 4),
(1342, 3),
(2312, 5),
(1049, 19),
(1746, 5),
(1714, 5),
(796, 13),
(664, 7),
(2306, 11),
(760, 14),
(805, 2),
(539, 1),
(2116, 1),
(1096, 1),
(309, 16),
(1103, 1),
(701, 2),
(1527, 16),
(93, 15),
(2063, 3),
(2437, 7),
(677, 1),
(225, 9),
(1447, 19),
(2309, 16),
(666, 9),
(1206, 14),
(571, 17),
(692, 15),
(1833, 3),
(1814, 3),
(1009, 7),
(1143, 6),
(1925, 14),
(706, 12),
(238, 8),
(888, 13),
(2095, 6),
(1283, 10),
(1872, 14),
(1150, 18),
(877, 17),
(1143, 3),
(700, 16),
(1575, 1),
(848, 9),
(153, 8),
(1832, 7),
(2263, 4),
(2108, 10),
(1897, 3),
(2411, 11),
(1345, 2),
(1422, 11),
(2387, 13),
(614, 18),
(616, 6),
(597, 17),
(512, 5),
(1349, 16),
(2256, 2),
(2245, 17),
(893, 18),
(1588, 10),
(1157, 12),
(73, 10),
(1915, 4),
(1447, 13),
(1674, 8),
(2142, 1),
(1407, 8),
(1219, 3),
(853, 10),
(968, 7),
(23, 9),
(958, 1),
(1170, 2),
(16, 4),
(46, 11),
(2241, 5),
(820, 14),
(2348, 2),
(791, 9),
(1234, 11),
(1160, 14),
(1112, 12),
(699, 5),
(1451, 9),
(594, 14),
(1570, 18),
(765, 6),
(1083, 7),
(1523, 3),
(180, 7),
(423, 16),
(273, 13),
(651, 5),
(1851, 3),
(776, 17),
(609, 19),
(1641, 4),
(2496, 2),
(207, 16),
(236, 3),
(841, 8),
(1418, 17),
(725, 13),
(1417, 18),
(33, 10),
(2461, 9),
(749, 9),
(497, 2),
(2387, 10),
(229, 5),
(2339, 7),
(2000, 19),
(94, 1),
(970, 5),
(368, 18),
(204, 10),
(1658, 10),
(950, 1),
(1909, 19),
(612, 17),
(265, 8),
(1815, 6),
(1875, 4),
(1400, 13),
(2015, 7),
(211, 6),
(264, 4),
(2488, 12),
(673, 7),
(151, 2),
(708, 11),
(309, 2),
(2299, 16),
(665, 3),
(2407, 2),
(1607, 2),
(1251, 3),
(117, 5),
(899, 4),
(742, 1),
(914, 8),
(1503, 7),
(923, 2),
(523, 10),
(1565, 16),
(415, 11),
(2072, 19),
(2492, 1),
(165, 18),
(814, 11),
(1651, 15),
(2206, 7),
(1394, 5),
(2443, 18),
(2276, 13),
(1368, 17),
(1604, 16),
(973, 5),
(2210, 17),
(2323, 2),
(1558, 10),
(1488, 18),
(659, 6),
(180, 8),
(289, 13),
(2451, 12),
(372, 5),
(169, 1),
(526, 14),
(470, 1),
(36, 10),
(1742, 19),
(1335, 1),
(186, 14),
(1600, 15),
(173, 3),
(141, 17),
(983, 2),
(857, 7),
(1311, 14),
(546, 14),
(2055, 14),
(787, 14),
(26, 12),
(605, 2),
(1955, 19),
(2320, 8),
(545, 15),
(311, 4),
(1932, 9),
(1979, 13),
(96, 2),
(864, 18),
(754, 1),
(1451, 14),
(851, 4),
(2397, 19),
(1227, 9),
(1, 16),
(1702, 19),
(413, 16),
(767, 15),
(2055, 19),
(1782, 18),
(1916, 19),
(1274, 1),
(2437, 4),
(441, 19),
(2151, 14),
(1108, 13),
(1432, 19),
(1211, 17),
(1841, 16),
(1341, 9),
(1396, 9),
(1042, 15),
(2034, 2),
(951, 16),
(37, 11),
(2225, 14),
(1567, 13),
(1374, 11),
(1407, 14),
(1578, 7),
(359, 13),
(837, 13),
(1869, 3),
(166, 3),
(2199, 10),
(1709, 7),
(393, 1),
(2307, 9),
(74, 1),
(107, 8),
(344, 7),
(1665, 18),
(1528, 1),
(1993, 1),
(346, 14),
(1322, 11),
(112, 18),
(850, 10),
(2160, 14),
(273, 15),
(462, 8),
(1774, 8),
(1372, 6),
(1550, 19),
(1435, 19),
(1818, 10),
(1962, 12),
(537, 9),
(2164, 8),
(615, 14),
(1304, 14),
(85, 18),
(2210, 11),
(781, 10),
(2227, 17),
(345, 16),
(1880, 9),
(1894, 5),
(1529, 14),
(2292, 6),
(2363, 8),
(395, 3),
(1768, 17),
(613, 4),
(753, 8),
(636, 5),
(1709, 6),
(2123, 9),
(1500, 10),
(2180, 9),
(2201, 3),
(2212, 1),
(1526, 3),
(1502, 13),
(180, 18),
(221, 3),
(2067, 16),
(1598, 8),
(155, 18),
(69, 5),
(1725, 4),
(1150, 16),
(2328, 1),
(1023, 11),
(2026, 4),
(1960, 12),
(1217, 11),
(496, 7),
(1437, 10),
(2253, 16),
(2293, 4),
(1764, 8),
(2150, 14),
(175, 3),
(1325, 13),
(1415, 10),
(57, 19),
(2172, 4),
(134, 17),
(339, 4),
(246, 7),
(2379, 18),
(448, 4),
(1069, 10),
(2220, 11),
(1396, 7),
(546, 6),
(1859, 7),
(2260, 9),
(260, 10),
(831, 13),
(818, 12),
(1172, 15),
(2075, 15),
(790, 16),
(1055, 6),
(1331, 13),
(205, 14),
(301, 9),
(2172, 14),
(107, 4),
(1919, 11),
(2141, 8),
(184, 14),
(2022, 17),
(656, 9),
(2214, 5),
(1995, 15),
(2379, 13),
(2355, 6),
(2296, 12),
(1324, 12),
(1579, 15),
(411, 10),
(1531, 1),
(900, 17),
(889, 15),
(791, 15),
(769, 4),
(562, 12),
(1766, 1),
(1907, 13),
(29, 12),
(720, 13),
(727, 5),
(2481, 12),
(2385, 8),
(26, 19),
(1843, 2),
(1748, 14),
(1250, 18),
(299, 3),
(17, 11),
(1327, 5),
(1665, 7),
(1508, 15),
(82, 14),
(1325, 9),
(377, 3),
(1057, 4),
(1940, 13),
(1768, 4),
(1068, 13),
(1780, 17),
(1575, 14),
(739, 2),
(2499, 6),
(1563, 2),
(756, 7),
(1716, 12),
(73, 6),
(1006, 15),
(1281, 13),
(952, 9),
(1469, 7),
(602, 10),
(2347, 12),
(480, 14),
(1132, 17),
(1475, 16),
(2386, 17),
(325, 10),
(1311, 18),
(316, 12),
(880, 6),
(1644, 3),
(1244, 1),
(1671, 18),
(978, 7),
(1022, 13),
(2070, 15),
(1202, 5),
(2105, 10),
(1745, 1),
(2177, 2),
(1307, 6),
(2330, 6),
(2080, 17),
(1489, 11),
(552, 11),
(1573, 7),
(708, 12),
(196, 2),
(436, 15),
(54, 12),
(1868, 16),
(2220, 9),
(917, 10),
(1314, 17),
(2106, 9),
(1750, 12),
(2155, 1),
(1782, 2),
(568, 17),
(1540, 3),
(1069, 8),
(820, 2),
(1076, 15),
(1396, 13),
(125, 10),
(1585, 15),
(285, 2),
(224, 19),
(1451, 8),
(302, 12),
(1665, 12),
(2052, 14),
(2487, 11),
(1534, 4),
(1006, 10),
(1703, 14),
(971, 18),
(692, 11),
(444, 1),
(940, 8),
(2084, 7),
(998, 18),
(223, 4),
(90, 5),
(1902, 16),
(169, 19),
(1416, 7),
(1752, 8),
(288, 15),
(2346, 17),
(2156, 17),
(744, 2),
(1820, 15),
(1834, 8),
(32, 14),
(63, 5),
(171, 6),
(2126, 11),
(1704, 18),
(1715, 14),
(1870, 14),
(1750, 8),
(281, 10),
(618, 11),
(2300, 6),
(2449, 4),
(1252, 2),
(65, 15),
(122, 17),
(1798, 13),
(123, 18),
(816, 9),
(343, 16),
(474, 11),
(781, 13),
(355, 17),
(1141, 7),
(2400, 10),
(2033, 5),
(2256, 16),
(1308, 14),
(621, 12),
(1103, 10),
(593, 9),
(1370, 8),
(1782, 14),
(1906, 7),
(2237, 11),
(2238, 6),
(1664, 19),
(889, 16),
(307, 12),
(1044, 1),
(397, 15),
(239, 16),
(2378, 10),
(1778, 1),
(2056, 2),
(1136, 1),
(1086, 8),
(975, 14),
(907, 13),
(865, 8),
(1282, 8),
(2366, 19),
(200, 16),
(11, 4),
(962, 11),
(6, 3),
(1432, 12),
(1957, 9),
(508, 16),
(2468, 12),
(870, 11),
(563, 3),
(205, 15),
(1541, 6),
(2030, 14),
(758, 13),
(1446, 6),
(680, 5),
(379, 10),
(1048, 15),
(2390, 11),
(2345, 17),
(1239, 12),
(251, 3),
(2196, 2),
(2140, 13),
(644, 2),
(1172, 4),
(528, 9),
(1040, 5),
(1771, 16),
(1169, 11),
(1230, 4),
(807, 9),
(2494, 18),
(2312, 1),
(398, 1),
(682, 7),
(1026, 11),
(1643, 1),
(1722, 7),
(128, 8),
(1933, 9),
(851, 6),
(1369, 11),
(1037, 10),
(1623, 16),
(378, 15),
(198, 19),
(2102, 10),
(1322, 7),
(1069, 5),
(1026, 9),
(1242, 9),
(2256, 6),
(1017, 13),
(1207, 10),
(249, 5),
(1193, 19),
(2378, 12),
(1883, 11),
(1970, 8),
(1162, 9),
(22, 5),
(633, 11),
(366, 6),
(1490, 11),
(1137, 7),
(2412, 8),
(1537, 15),
(513, 4),
(1424, 10),
(2176, 6),
(1554, 1),
(2084, 14),
(1383, 17),
(573, 16),
(1756, 4),
(1422, 19),
(1338, 9),
(1316, 14),
(793, 19),
(1771, 14),
(1345, 14),
(680, 4),
(1437, 18),
(855, 13),
(2000, 15),
(1680, 12),
(308, 7),
(310, 6),
(1525, 1),
(2255, 3),
(1264, 19),
(1509, 16),
(341, 14),
(1755, 14),
(1671, 7),
(2097, 17),
(470, 4),
(2411, 17),
(1952, 4),
(449, 2),
(1071, 5),
(278, 4),
(1833, 8),
(1393, 12),
(1151, 14),
(2169, 12),
(255, 3),
(177, 13),
(1552, 17),
(2199, 13),
(2152, 17),
(2352, 10),
(1391, 5),
(25, 4),
(969, 18),
(2109, 11),
(311, 5),
(1464, 3),
(202, 15),
(1966, 16),
(925, 3),
(72, 12),
(1866, 16),
(1901, 5),
(2143, 15),
(5, 2),
(2281, 4),
(2465, 6),
(730, 5),
(2291, 18),
(1089, 4),
(1952, 14),
(1503, 1),
(1908, 16),
(130, 16),
(389, 12),
(1717, 15),
(1672, 13),
(1549, 4),
(840, 2),
(1861, 7),
(500, 13),
(1921, 17),
(2392, 18),
(1698, 12),
(1684, 17),
(1884, 13),
(1914, 16),
(371, 16),
(652, 11),
(1457, 8),
(1581, 13),
(840, 15),
(435, 14),
(1896, 18),
(835, 11),
(1451, 12),
(2327, 19),
(35, 3),
(1868, 2),
(2406, 9),
(2303, 8),
(318, 15),
(382, 6),
(1058, 13),
(2211, 11),
(114, 18),
(1456, 9),
(1897, 5),
(1956, 6),
(1932, 13),
(107, 16),
(2144, 13),
(556, 15),
(1867, 10),
(1722, 18),
(1840, 5),
(2446, 1),
(1403, 7),
(1924, 7),
(2480, 12),
(732, 8),
(390, 10),
(673, 1),
(1785, 3),
(2315, 3),
(1638, 17),
(1239, 19),
(578, 8),
(1544, 1),
(1501, 18),
(2159, 15),
(548, 17),
(1919, 12),
(813, 19),
(1104, 16),
(1556, 13),
(1533, 2),
(595, 7),
(1112, 8),
(2158, 4),
(2426, 2),
(673, 15),
(861, 18),
(399, 10),
(1152, 9),
(229, 14),
(1755, 3),
(1352, 1),
(217, 4),
(368, 17),
(2152, 18),
(1551, 2),
(1878, 15),
(1780, 7),
(1395, 19),
(178, 8),
(2185, 2),
(1059, 1),
(908, 3),
(1246, 6),
(622, 6),
(2053, 15),
(103, 3),
(674, 7),
(1293, 8),
(2451, 2),
(120, 14),
(1061, 11),
(2143, 2),
(296, 6),
(364, 17),
(868, 3),
(1164, 1),
(2043, 11),
(2294, 13),
(1329, 7),
(129, 4),
(491, 18),
(570, 19),
(1358, 15),
(1766, 16),
(830, 10),
(512, 17),
(195, 8),
(2290, 14),
(466, 11),
(2403, 12),
(549, 14),
(609, 17),
(330, 2),
(683, 7),
(1224, 8),
(453, 4),
(1203, 13),
(2456, 19),
(59, 18),
(723, 3),
(279, 8),
(422, 14),
(503, 9),
(723, 5),
(1138, 1),
(1596, 7),
(1146, 6),
(2087, 6),
(1196, 8),
(1380, 6),
(657, 2),
(2012, 7),
(1381, 10),
(294, 5),
(186, 6),
(15, 17),
(2007, 7),
(1526, 17),
(167, 5),
(2368, 10),
(1517, 19),
(1595, 5),
(2480, 17),
(290, 8),
(1728, 7),
(1373, 14),
(1088, 14),
(323, 17),
(2048, 19),
(121, 5),
(1128, 13),
(649, 14),
(1602, 5),
(1109, 4),
(2109, 3),
(1347, 3),
(668, 1),
(1521, 4),
(1869, 7),
(1572, 18),
(1893, 2),
(558, 17),
(1271, 15),
(1722, 2),
(160, 8),
(867, 5),
(1804, 19),
(1402, 2),
(772, 16),
(1944, 18),
(683, 3),
(1467, 8),
(413, 6),
(823, 14),
(2038, 8),
(288, 10),
(373, 15),
(588, 2),
(1006, 4),
(197, 2),
(1342, 4),
(2497, 17),
(2340, 5),
(2310, 16),
(949, 11),
(1336, 4),
(151, 3),
(2474, 5),
(251, 2),
(1816, 2),
(786, 3),
(745, 19),
(637, 8),
(1010, 2),
(1074, 15),
(2396, 17),
(2087, 13),
(810, 17),
(1562, 3),
(355, 6),
(1916, 3),
(2021, 3),
(2122, 14),
(618, 3),
(594, 16),
(349, 4),
(2411, 6),
(781, 9),
(427, 15),
(2352, 3),
(1684, 2),
(1183, 13),
(977, 9),
(124, 19),
(890, 12),
(1264, 5),
(1002, 11),
(464, 3),
(408, 8),
(1618, 17),
(972, 9),
(427, 18),
(2284, 7),
(258, 16),
(1170, 19),
(1688, 2),
(1998, 11),
(2024, 16),
(1159, 15),
(762, 11),
(1202, 17),
(2204, 11),
(1992, 1),
(777, 10),
(381, 3),
(1019, 6),
(1558, 16),
(889, 1),
(990, 9),
(1028, 19),
(1096, 11),
(1057, 12),
(96, 12),
(893, 17),
(734, 9),
(230, 15),
(319, 13),
(737, 13),
(2384, 17),
(1436, 8),
(1569, 17),
(1057, 11),
(1160, 3),
(1181, 1),
(946, 5),
(481, 3),
(335, 16),
(742, 9),
(2466, 17),
(1114, 11),
(2275, 5),
(1255, 9),
(580, 9),
(527, 10),
(1598, 5),
(465, 9),
(1777, 9),
(2232, 6),
(661, 18),
(1030, 5),
(489, 3),
(403, 14),
(1743, 1),
(318, 9),
(1934, 8),
(2116, 3),
(1232, 12),
(1709, 9),
(1891, 1),
(519, 9),
(398, 5),
(63, 11),
(712, 1),
(1960, 1),
(1808, 1),
(1066, 10),
(2301, 16),
(2175, 18),
(245, 11),
(1459, 14),
(768, 5),
(21, 11),
(1685, 16),
(1102, 5),
(1777, 11),
(194, 8),
(2123, 16),
(2283, 13),
(374, 3),
(2333, 8),
(1998, 9),
(2466, 1),
(2212, 5),
(2043, 2),
(1787, 19),
(725, 1),
(1833, 9),
(1213, 16),
(641, 7),
(716, 18),
(1987, 5),
(812, 11),
(1526, 9),
(139, 13),
(2038, 11),
(1983, 18),
(934, 17),
(302, 16),
(603, 7),
(2123, 1),
(2052, 15),
(189, 6),
(1931, 7),
(258, 14),
(2224, 1),
(811, 16),
(634, 13),
(442, 19),
(358, 14),
(1800, 8),
(179, 17),
(2279, 1),
(826, 2),
(2383, 14),
(2272, 18),
(2018, 1),
(1644, 12),
(111, 16),
(511, 1),
(2455, 19),
(54, 17),
(2080, 13),
(2345, 19),
(1234, 15),
(2047, 8),
(471, 17),
(1004, 4),
(2259, 3),
(1662, 2),
(286, 6),
(72, 3),
(829, 4),
(1381, 15),
(1864, 1),
(2049, 9),
(1358, 7),
(221, 12),
(2302, 14),
(2145, 6),
(1955, 4),
(1748, 2),
(2021, 11),
(1672, 15),
(1996, 1),
(658, 3),
(1234, 9),
(1494, 15),
(1335, 17),
(1045, 3),
(79, 10),
(1904, 7),
(160, 19),
(1703, 11),
(2062, 12),
(883, 6),
(2233, 19),
(732, 6),
(14, 13),
(1909, 10),
(2221, 10),
(333, 13),
(2016, 16),
(1836, 9),
(1098, 2),
(2333, 10),
(1331, 12),
(1033, 10),
(1099, 4),
(1627, 15),
(2005, 18),
(1217, 8),
(843, 3),
(1743, 7),
(101, 12),
(1876, 8),
(1626, 9),
(1926, 6),
(2439, 13),
(387, 14),
(593, 10),
(2119, 13),
(1028, 3),
(793, 10),
(2104, 6),
(834, 5),
(13, 2),
(724, 4),
(787, 7),
(362, 12),
(903, 19),
(1014, 11),
(2256, 14),
(199, 16),
(251, 13),
(1375, 2),
(2164, 13),
(1615, 17),
(620, 4),
(1289, 5),
(1420, 8),
(484, 12),
(2032, 12),
(468, 16),
(1052, 8),
(346, 5),
(2492, 11),
(730, 4),
(1605, 13),
(142, 4),
(1232, 5),
(634, 5),
(1658, 14),
(2494, 17),
(52, 12),
(897, 6),
(1918, 8),
(1027, 5),
(423, 14),
(255, 4),
(598, 13),
(1805, 19),
(1809, 16),
(313, 4),
(1875, 2),
(1677, 5),
(2491, 18),
(219, 6),
(1225, 5),
(612, 16),
(1878, 3),
(1786, 13),
(1128, 4),
(2101, 6),
(1950, 5),
(930, 17),
(1476, 17),
(1475, 13),
(340, 1),
(173, 19),
(45, 11),
(1285, 17),
(463, 8),
(1070, 19),
(1436, 14),
(953, 8),
(1664, 1),
(703, 19),
(1634, 16),
(1526, 7),
(617, 8),
(1968, 12),
(2162, 17),
(2259, 6),
(1651, 6),
(2470, 16),
(1991, 5),
(385, 10),
(2350, 18),
(2090, 17),
(1617, 3),
(1205, 19),
(269, 18),
(414, 4),
(254, 12),
(1216, 17),
(1433, 4),
(2469, 4),
(2348, 19),
(227, 7),
(1936, 18),
(1549, 11),
(396, 6),
(2167, 2),
(439, 10),
(1441, 14),
(2428, 19),
(541, 12),
(1601, 9),
(2384, 1),
(27, 18),
(2463, 8),
(489, 4),
(95, 18),
(600, 16),
(1244, 11),
(1552, 2),
(2112, 18),
(1652, 4),
(1243, 16),
(1399, 4),
(1981, 17),
(2446, 14),
(2164, 7),
(1277, 6),
(103, 6),
(2415, 7),
(2438, 1),
(1602, 11),
(1840, 14),
(1438, 2),
(884, 3),
(401, 2),
(1414, 9),
(1964, 16),
(1851, 1),
(2120, 12),
(1330, 12),
(1551, 9),
(963, 8),
(130, 2),
(594, 3),
(316, 17),
(2044, 3),
(502, 6),
(1028, 8),
(2342, 7),
(1334, 7),
(1660, 7),
(847, 15),
(1644, 16),
(1408, 5),
(211, 9),
(2219, 5),
(1200, 8),
(51, 16),
(1334, 19),
(2237, 18),
(2088, 17),
(665, 11),
(2085, 10),
(595, 18),
(171, 13),
(512, 1),
(1245, 19),
(384, 16),
(129, 16),
(23, 13),
(1294, 19),
(1493, 11),
(277, 13),
(925, 1),
(2042, 1),
(1103, 17),
(298, 3),
(2420, 9),
(2263, 19),
(2375, 8),
(440, 9),
(575, 16),
(1505, 18),
(2026, 6),
(1623, 13),
(1765, 16),
(566, 18),
(396, 16),
(1897, 7),
(1089, 17),
(1771, 11),
(1791, 2),
(709, 10),
(1198, 2),
(1466, 2),
(1398, 17),
(590, 1),
(883, 19),
(1658, 17),
(819, 16),
(1509, 4),
(1011, 6),
(135, 16),
(238, 4),
(1493, 8),
(1499, 17),
(746, 14),
(1314, 19),
(699, 12),
(357, 13),
(324, 15),
(1584, 13),
(423, 8),
(1823, 2),
(129, 15),
(655, 3),
(437, 9),
(1555, 18),
(1817, 16),
(457, 9),
(304, 12),
(1615, 5),
(1971, 7),
(388, 7),
(1816, 17),
(2399, 1),
(2241, 7),
(1269, 9),
(910, 9),
(829, 16),
(1528, 15),
(250, 4),
(375, 14),
(2471, 12),
(1363, 15),
(1427, 8),
(1940, 1),
(1015, 11),
(2031, 16),
(1876, 6),
(2419, 16),
(1067, 14),
(1109, 19),
(2340, 18),
(377, 11),
(334, 15),
(1106, 2),
(2364, 10),
(659, 8),
(2348, 8),
(1330, 16),
(445, 7),
(1606, 5),
(700, 2),
(1375, 6),
(2303, 18),
(1286, 7),
(2218, 16),
(1221, 16),
(1947, 10),
(1529, 12),
(978, 2),
(1571, 15),
(2428, 13),
(2312, 16),
(823, 2),
(883, 18),
(2414, 15),
(1615, 9),
(846, 12),
(796, 9),
(1256, 8),
(1101, 2),
(382, 5),
(101, 14),
(394, 2),
(2031, 7),
(1571, 1),
(473, 8),
(932, 15),
(1970, 14),
(2394, 13),
(2463, 9),
(1414, 16),
(759, 11),
(1933, 15),
(1167, 4),
(890, 19),
(216, 1),
(323, 5),
(148, 13),
(1576, 19),
(1480, 4),
(1261, 18),
(1263, 18),
(361, 13),
(653, 10),
(2320, 14),
(2445, 4),
(290, 7),
(1270, 7),
(1100, 18),
(2138, 2),
(722, 4),
(1587, 9),
(585, 1),
(1168, 11),
(1689, 13),
(1259, 3),
(1429, 5),
(1680, 17),
(1909, 15),
(1081, 3),
(2421, 18),
(1863, 1),
(587, 1),
(1633, 5),
(1560, 19),
(471, 16),
(735, 14),
(2052, 11),
(1044, 9),
(1826, 13),
(249, 16),
(1569, 8),
(2130, 17),
(2037, 7),
(915, 8),
(392, 13),
(719, 4),
(1414, 10),
(1399, 12),
(849, 9),
(1682, 10),
(237, 12),
(2117, 11),
(820, 1),
(370, 17),
(1681, 1),
(1963, 19),
(1670, 10),
(262, 11),
(2146, 3),
(1072, 10),
(696, 12),
(176, 14),
(1941, 3),
(2124, 6),
(952, 10),
(1902, 2),
(2205, 4),
(998, 5),
(1610, 13),
(1139, 10),
(2102, 6),
(45, 8),
(1688, 3),
(2007, 3),
(2165, 14),
(347, 12),
(460, 8),
(8, 10),
(1007, 2),
(2421, 8),
(1281, 1),
(2290, 15),
(2362, 8),
(2455, 11),
(346, 18),
(1734, 16),
(780, 17),
(998, 7),
(1233, 3),
(2321, 10),
(353, 19),
(1272, 16),
(815, 4),
(1380, 17),
(1130, 10),
(1163, 17),
(2307, 1),
(2460, 4),
(1977, 17),
(1641, 15),
(839, 6),
(1704, 1),
(2494, 4),
(1064, 3),
(394, 18),
(1972, 14),
(2355, 11),
(76, 6),
(1869, 13),
(1733, 19),
(1335, 10),
(347, 13),
(2103, 3),
(75, 15),
(31, 6),
(1311, 8),
(2169, 5),
(1202, 6),
(779, 4),
(1307, 3),
(1964, 19),
(1993, 4),
(739, 15),
(1732, 10),
(868, 1),
(1132, 1),
(264, 2),
(1308, 19),
(1358, 13),
(430, 10),
(391, 19),
(304, 3),
(2418, 3),
(1602, 14),
(1835, 14),
(425, 3),
(258, 11),
(45, 15),
(1690, 4),
(616, 17),
(1967, 4),
(1332, 6),
(728, 3),
(1104, 3),
(193, 1),
(2387, 19),
(1156, 16),
(484, 15),
(10, 14),
(1155, 12),
(563, 1),
(438, 4),
(1151, 1),
(2064, 9),
(63, 10),
(2337, 19),
(1615, 15),
(206, 19),
(1032, 3),
(1882, 12),
(2420, 5),
(2174, 12),
(1880, 1),
(767, 18),
(1557, 6),
(283, 2),
(1208, 7),
(1971, 6),
(2144, 17),
(1132, 2),
(1887, 11),
(1507, 5),
(2399, 13),
(386, 2),
(1082, 4),
(2372, 10),
(1432, 10),
(2044, 19),
(564, 15),
(373, 12),
(1752, 10),
(2211, 2),
(1161, 10),
(1709, 17),
(191, 18),
(1894, 6),
(1449, 1),
(940, 1),
(564, 10),
(2287, 2),
(704, 16),
(2040, 6),
(837, 4),
(1263, 8),
(2195, 2),
(113, 16),
(1529, 17),
(564, 9),
(923, 5),
(2033, 11),
(2333, 19),
(1478, 10),
(252, 1),
(1358, 6),
(1421, 18),
(1564, 5),
(2269, 6),
(148, 4),
(1161, 11),
(1215, 3),
(74, 16),
(656, 18),
(1219, 1),
(1357, 3),
(698, 3),
(1817, 1),
(675, 13),
(2303, 14),
(1423, 17),
(1264, 9),
(1977, 4),
(900, 9),
(1674, 15),
(1522, 2),
(990, 16),
(257, 14),
(68, 12),
(242, 19),
(2403, 4),
(1381, 16),
(1314, 16),
(39, 16),
(2423, 1),
(792, 15),
(531, 16),
(420, 6),
(1927, 17),
(2168, 7),
(1363, 6),
(332, 12),
(1721, 15),
(897, 13),
(615, 2),
(2189, 7),
(2055, 13),
(513, 1),
(975, 5),
(1892, 8),
(2311, 18),
(245, 9),
(1, 6),
(30, 6),
(599, 4),
(2139, 3),
(1459, 15),
(409, 6),
(2101, 8),
(1000, 18),
(2084, 11),
(2265, 2),
(133, 14),
(865, 16),
(111, 10),
(1556, 2),
(1450, 13),
(395, 8),
(551, 17),
(2316, 1),
(848, 10),
(534, 12),
(581, 17),
(688, 9),
(1926, 2),
(1132, 11),
(640, 16),
(1911, 10),
(738, 5),
(1049, 7),
(1054, 10),
(1537, 16),
(880, 9),
(1967, 14),
(1568, 8),
(413, 12),
(1713, 10),
(2395, 9),
(1130, 18),
(2174, 14),
(1193, 1),
(967, 17),
(1578, 10),
(475, 7),
(1616, 17),
(556, 9),
(173, 9),
(2460, 12),
(1928, 6),
(1220, 18),
(1193, 15),
(1465, 5),
(1542, 10),
(2436, 6),
(2200, 18),
(499, 17),
(2329, 12),
(2149, 4),
(1392, 11),
(2422, 5),
(848, 8),
(1530, 15),
(1144, 10),
(1553, 2),
(1689, 6),
(2113, 3),
(191, 12),
(638, 18),
(1179, 10),
(1519, 6),
(383, 16),
(626, 8),
(1826, 3),
(2157, 8),
(1816, 10),
(861, 3),
(532, 7),
(334, 8),
(1111, 19),
(1698, 18),
(1410, 6),
(2095, 7),
(1359, 4),
(1649, 17),
(1659, 5),
(350, 4),
(272, 1),
(354, 15),
(651, 2),
(1116, 10),
(1528, 4),
(1993, 18),
(1357, 9),
(690, 12),
(1582, 3),
(1848, 3),
(44, 19),
(536, 1),
(2167, 9),
(284, 16),
(799, 17),
(161, 10),
(1483, 13),
(1056, 7),
(1939, 15),
(397, 9),
(367, 8),
(452, 19),
(1624, 5),
(595, 17),
(398, 7),
(1280, 2),
(2159, 17),
(1723, 18),
(2130, 2),
(2254, 17),
(774, 8),
(2422, 18),
(967, 2),
(460, 10),
(1684, 14),
(1088, 18),
(1903, 8),
(2185, 19),
(1372, 4),
(1859, 16),
(1954, 4),
(586, 9),
(777, 5),
(980, 9),
(899, 7),
(1980, 7),
(39, 14),
(1059, 3),
(2036, 16),
(1618, 19),
(2363, 9),
(1605, 19),
(736, 17),
(1023, 14),
(1649, 9),
(2211, 7),
(105, 16),
(2329, 11),
(1107, 17),
(339, 15),
(735, 4),
(1985, 7),
(457, 8),
(1706, 8),
(860, 2),
(385, 4),
(1772, 9),
(1640, 12),
(385, 3),
(741, 3),
(2284, 3),
(621, 2),
(914, 11),
(628, 5),
(338, 14),
(227, 14),
(2330, 4),
(508, 10),
(1803, 1),
(2465, 11),
(634, 14),
(1370, 5),
(430, 19),
(1065, 7),
(936, 13),
(1318, 10),
(1363, 9),
(312, 12),
(2111, 1),
(1689, 7),
(2318, 12),
(68, 11),
(69, 12),
(1596, 2),
(1574, 3),
(842, 3),
(2238, 11),
(1520, 17),
(1102, 14),
(262, 15),
(1344, 19),
(1401, 15),
(934, 12),
(1448, 16),
(2210, 7),
(2134, 7),
(2049, 8),
(596, 11),
(164, 5),
(1828, 5),
(2449, 19),
(2039, 4),
(30, 1),
(2231, 14),
(295, 9),
(7, 17),
(2143, 4),
(1491, 13),
(369, 18),
(373, 13),
(1158, 2),
(1039, 9),
(1636, 4),
(1956, 16),
(1628, 10),
(999, 2),
(2215, 2),
(1757, 7),
(1455, 8),
(2210, 8),
(1962, 3),
(1715, 7),
(1207, 1),
(1603, 10),
(1701, 8),
(1620, 11),
(669, 2),
(1921, 10),
(299, 9),
(1354, 8),
(623, 4),
(258, 15),
(2299, 11),
(734, 6),
(2463, 3),
(486, 8),
(62, 9),
(2118, 13),
(1354, 13),
(2304, 4),
(1733, 7),
(1841, 3),
(366, 4),
(2225, 19),
(590, 11),
(184, 3),
(1275, 8),
(1700, 17),
(511, 17),
(639, 2),
(1134, 12),
(1876, 11),
(418, 10),
(718, 4),
(2288, 13),
(1334, 4),
(2431, 11),
(1018, 16),
(1681, 8),
(1168, 2),
(1284, 10),
(833, 7),
(1165, 10),
(2053, 14),
(283, 7),
(103, 19),
(552, 17),
(1620, 9),
(2312, 14),
(337, 12),
(788, 19),
(1726, 5),
(378, 6),
(1262, 15),
(1411, 17),
(987, 10),
(857, 6),
(1934, 9),
(833, 10),
(821, 14),
(474, 19),
(126, 6),
(1452, 19),
(261, 2),
(92, 4),
(1972, 13),
(1867, 3),
(743, 13),
(1193, 10),
(1217, 4),
(2327, 1),
(1582, 14),
(967, 5),
(219, 14),
(58, 14),
(2160, 17),
(133, 17),
(116, 8),
(1440, 18),
(2313, 15),
(2098, 14),
(2262, 1),
(924, 3),
(250, 3),
(1348, 5),
(701, 9),
(855, 6),
(29, 15),
(1791, 16),
(205, 8),
(2418, 4),
(2006, 11),
(2179, 9),
(994, 18),
(1865, 12),
(995, 5),
(1777, 5),
(401, 8),
(570, 15),
(1629, 18),
(1843, 10),
(1020, 12),
(497, 19),
(1280, 9),
(1901, 11),
(1256, 13),
(258, 1),
(990, 5),
(1746, 16),
(2076, 13),
(311, 19),
(156, 14),
(1827, 7),
(2300, 8),
(2370, 2),
(2100, 9),
(2314, 3),
(561, 7),
(1376, 2),
(1299, 15),
(452, 17),
(1753, 19),
(2454, 10),
(2109, 17),
(804, 15),
(334, 16),
(959, 14),
(102, 1),
(1097, 4),
(1121, 15),
(1293, 17),
(2160, 9),
(304, 18),
(1342, 16),
(124, 15),
(1846, 19),
(1337, 10),
(271, 7),
(1136, 5),
(2200, 6),
(2076, 11),
(1650, 14),
(44, 9),
(1504, 1),
(2174, 6),
(499, 13),
(1758, 14),
(1066, 6),
(2360, 16),
(1628, 13),
(1624, 4),
(123, 11),
(160, 4),
(1131, 13),
(18, 2),
(1823, 12),
(2472, 1),
(2473, 18),
(1193, 4),
(829, 9),
(2373, 4),
(336, 10),
(9, 12),
(2187, 8),
(16, 19),
(2260, 8),
(273, 7),
(1678, 13),
(1330, 19),
(1332, 15),
(1829, 15),
(2104, 9),
(2263, 14),
(215, 4),
(1878, 12),
(2075, 6),
(75, 9),
(2167, 16),
(1708, 10),
(768, 14),
(1548, 3),
(1172, 7),
(2076, 14),
(503, 8),
(938, 8),
(1877, 2),
(1313, 11),
(335, 12),
(1946, 13),
(1073, 9),
(270, 8),
(577, 12),
(45, 3),
(1698, 13),
(1961, 18),
(923, 17),
(1560, 5),
(166, 7),
(1619, 14),
(197, 8),
(1022, 16),
(983, 3),
(468, 4),
(898, 10),
(2299, 9),
(683, 14),
(734, 1),
(1463, 15),
(886, 6),
(1294, 4),
(1406, 11),
(1372, 13),
(1245, 8),
(514, 11),
(33, 2),
(1730, 16),
(463, 16),
(477, 5),
(43, 18),
(2159, 7),
(1272, 11),
(1080, 8),
(1399, 19),
(823, 15),
(337, 9),
(1851, 14),
(738, 15),
(1123, 7),
(461, 17),
(2191, 16),
(230, 6),
(1306, 14),
(847, 6),
(2382, 19),
(420, 11),
(1180, 3),
(878, 17),
(505, 8),
(842, 19),
(1197, 10),
(1099, 13),
(1854, 5),
(439, 12),
(746, 6),
(530, 2),
(402, 3),
(2295, 1),
(930, 16),
(1096, 5),
(1069, 18),
(122, 9),
(1787, 17),
(947, 15),
(475, 9),
(132, 17),
(2328, 12),
(1120, 7),
(901, 11),
(2456, 12),
(1086, 10),
(2478, 10),
(2045, 3),
(2283, 12),
(2264, 3),
(1770, 17),
(1337, 2),
(647, 4),
(2212, 16),
(1521, 9),
(1540, 16),
(1328, 13),
(2489, 9),
(685, 5),
(153, 18),
(788, 7),
(1551, 4),
(2223, 11),
(1235, 12),
(2125, 16),
(1106, 7),
(387, 13),
(705, 14),
(717, 15),
(143, 3),
(1383, 6),
(248, 15),
(1118, 5),
(2217, 14),
(1246, 4),
(1782, 17),
(879, 11),
(892, 8),
(1700, 2),
(2479, 10),
(2117, 10),
(1512, 4),
(755, 15),
(2279, 2),
(353, 12),
(1595, 15),
(1474, 1),
(170, 4),
(1605, 2),
(1075, 9),
(693, 12),
(1572, 9),
(2001, 19),
(1108, 6),
(197, 14),
(417, 8),
(1545, 1),
(379, 13),
(1000, 4),
(492, 11),
(2233, 8),
(303, 16),
(2389, 7),
(1009, 16),
(1626, 19),
(2035, 18),
(412, 7),
(1171, 7),
(66, 19),
(1758, 1),
(1847, 1),
(2173, 9),
(1356, 13),
(540, 6),
(2018, 3),
(747, 12),
(1928, 19),
(1297, 4),
(847, 7),
(1887, 13),
(1074, 16),
(939, 19),
(128, 10),
(1531, 16),
(2052, 5),
(2139, 7),
(1950, 17),
(2431, 18),
(1336, 10),
(2032, 10),
(2485, 14),
(1052, 12),
(2488, 4),
(1230, 7),
(2000, 12),
(1273, 4),
(2382, 14),
(840, 19),
(30, 14),
(142, 12),
(1125, 14),
(1087, 15),
(1209, 4),
(226, 8),
(453, 15),
(1263, 4),
(2163, 2),
(2183, 16),
(771, 11),
(1701, 7),
(779, 5),
(2162, 13),
(1909, 11),
(1052, 19),
(1748, 7),
(617, 14),
(1728, 15),
(729, 5),
(703, 9),
(1551, 11),
(171, 1),
(581, 19),
(1519, 10),
(525, 1),
(1045, 18),
(1429, 9),
(502, 13),
(129, 9),
(1697, 8),
(727, 18),
(1019, 19),
(1640, 19),
(2183, 3),
(980, 11),
(543, 3),
(340, 7),
(1435, 6),
(833, 12),
(413, 8),
(1959, 18),
(1221, 1),
(1440, 17),
(486, 17),
(1490, 4),
(1041, 4),
(2111, 5),
(1973, 14),
(534, 9),
(1553, 13),
(1283, 9),
(446, 13),
(1687, 10),
(958, 14),
(1041, 1),
(1773, 17),
(531, 13),
(289, 6),
(3, 8),
(2097, 4),
(2245, 6),
(1603, 9),
(1278, 9),
(1126, 15),
(350, 17),
(1883, 10),
(527, 14),
(1478, 6),
(2190, 18),
(894, 10),
(113, 5),
(456, 17),
(1921, 5),
(165, 9),
(2139, 11),
(2030, 7),
(1171, 12),
(173, 17),
(443, 6),
(656, 16),
(327, 12),
(1576, 1),
(490, 3),
(735, 2),
(487, 17),
(1255, 19),
(1390, 15),
(658, 18),
(944, 10),
(1967, 6),
(1757, 4),
(143, 9),
(47, 19),
(1046, 14),
(492, 12),
(459, 3),
(2441, 3),
(1934, 4),
(1367, 11),
(549, 8),
(1835, 1),
(2091, 5),
(183, 15),
(2380, 6),
(2213, 10),
(1215, 11),
(2368, 2),
(608, 7),
(935, 19),
(1852, 9),
(142, 8),
(2343, 18),
(210, 14),
(34, 18),
(1764, 5),
(2223, 2),
(156, 19),
(261, 12),
(490, 13),
(824, 9),
(869, 9),
(995, 17),
(2128, 7),
(676, 10),
(571, 10),
(915, 3),
(1334, 9),
(472, 8),
(365, 10),
(14, 19),
(2385, 7),
(1042, 3),
(2451, 7),
(170, 18),
(835, 5),
(482, 8),
(1799, 4),
(1136, 4),
(2224, 7),
(2360, 14),
(1282, 9),
(1994, 12),
(378, 1),
(1502, 15),
(502, 14),
(905, 18),
(1227, 12),
(2361, 15),
(792, 1),
(653, 2),
(1851, 12),
(1270, 4),
(484, 3),
(1812, 7),
(1651, 18),
(1141, 3),
(1001, 19),
(1832, 11),
(873, 6),
(1831, 15),
(10, 12),
(264, 17),
(211, 4),
(2153, 14),
(211, 8),
(185, 13),
(1565, 14),
(1482, 3),
(795, 6),
(1790, 6),
(2208, 3),
(2476, 16),
(66, 10),
(1259, 12),
(1579, 16),
(2256, 9),
(1973, 4),
(2228, 5),
(167, 9),
(370, 14),
(954, 16),
(1698, 7),
(1510, 12),
(177, 9),
(1134, 8),
(1562, 18),
(390, 7),
(1196, 12),
(2014, 7),
(785, 7),
(223, 18),
(1623, 3),
(590, 8),
(414, 6),
(2198, 15),
(609, 3),
(2438, 14),
(1453, 6),
(1231, 17),
(1123, 10),
(198, 6),
(14, 8),
(827, 5),
(293, 6),
(634, 8),
(901, 18),
(1818, 14),
(1465, 1),
(1406, 12),
(2117, 2),
(642, 15),
(1914, 6),
(2424, 18),
(139, 4),
(483, 15),
(1036, 2),
(2479, 4),
(2337, 2),
(2377, 18),
(2210, 1),
(189, 17),
(2337, 4),
(1095, 8),
(1655, 18),
(1823, 14),
(1187, 4),
(371, 1),
(1761, 17),
(466, 8),
(1021, 4),
(1050, 4),
(606, 11),
(1446, 17),
(597, 6),
(281, 9),
(698, 2),
(361, 5),
(2196, 10),
(674, 6),
(518, 1),
(1047, 13),
(1560, 17),
(565, 5),
(2033, 6),
(28, 9),
(379, 2),
(204, 19),
(1536, 13),
(1930, 14),
(639, 15),
(2092, 13),
(158, 9),
(1380, 14),
(231, 15),
(2189, 3),
(774, 18),
(2082, 10),
(67, 2),
(106, 7),
(476, 16),
(684, 19),
(1549, 6),
(426, 12),
(300, 10),
(1728, 8),
(2146, 18),
(1968, 5),
(737, 15),
(2321, 13),
(2159, 6),
(986, 12),
(1200, 1),
(2160, 7),
(1522, 19),
(79, 5),
(2145, 13),
(625, 9),
(2254, 14),
(529, 19),
(693, 3),
(492, 3),
(489, 18),
(1716, 6),
(1146, 2),
(330, 5),
(612, 11),
(415, 14),
(2317, 16),
(133, 10),
(1223, 12),
(2488, 18),
(2215, 11),
(2303, 3),
(1135, 9),
(1028, 11),
(930, 7),
(986, 5),
(613, 13),
(447, 5),
(697, 2),
(272, 18),
(1188, 13),
(602, 16),
(1640, 3),
(2288, 9),
(1343, 15),
(401, 3),
(2433, 14),
(2071, 7),
(642, 8),
(1003, 12),
(501, 4),
(967, 13),
(2369, 1),
(226, 1),
(1469, 10),
(1537, 1),
(896, 2),
(781, 8),
(1536, 3),
(2013, 9),
(209, 13),
(348, 11),
(1833, 5),
(698, 6),
(84, 7),
(320, 13),
(2466, 7),
(2231, 12),
(244, 6),
(122, 13),
(1958, 11),
(1019, 17),
(519, 19),
(2454, 11),
(1374, 15),
(325, 1),
(1009, 17),
(1340, 11),
(670, 15),
(2389, 16),
(1719, 17),
(1816, 13),
(1552, 7),
(2500, 12),
(1710, 5),
(649, 6),
(1546, 3),
(1974, 1),
(1411, 3),
(68, 1),
(1234, 4),
(1268, 2),
(1326, 14),
(1768, 9),
(1394, 9),
(360, 6),
(2461, 12),
(83, 4),
(1186, 18),
(727, 19),
(238, 15),
(1751, 8),
(505, 7),
(1018, 12),
(2378, 8),
(741, 11),
(1845, 9),
(1140, 16),
(2498, 19),
(1947, 18),
(1643, 16),
(1506, 11),
(1760, 6),
(2205, 12),
(2132, 1),
(645, 4),
(2229, 8),
(2210, 14),
(2202, 9),
(2210, 18),
(2063, 13),
(1662, 1),
(1452, 9),
(1815, 13),
(2447, 12),
(2422, 14),
(1050, 13),
(1114, 5),
(818, 15),
(1367, 10),
(1018, 11),
(2262, 6),
(1330, 5),
(949, 7),
(1834, 18),
(2114, 15),
(68, 4),
(2367, 3),
(2207, 16),
(2282, 7),
(543, 15),
(236, 11),
(11, 5),
(2252, 12),
(682, 19),
(2199, 12),
(2357, 15),
(451, 6),
(519, 6),
(1228, 2),
(881, 8),
(92, 17),
(90, 9),
(1646, 18),
(1944, 19),
(974, 1),
(1658, 8),
(198, 8),
(1726, 4),
(1039, 3),
(2370, 7),
(413, 13),
(2180, 12),
(970, 16),
(1741, 8),
(608, 2),
(968, 2),
(1425, 11),
(1594, 9),
(1488, 2),
(246, 1),
(1134, 4),
(1886, 12),
(1189, 19),
(1515, 17),
(933, 13),
(60, 17),
(1408, 16),
(1382, 3),
(1190, 15),
(1363, 14),
(2136, 17),
(625, 12),
(1653, 3),
(1684, 5),
(1584, 17),
(1170, 10),
(24, 3),
(705, 4),
(1043, 7),
(2166, 15),
(1629, 16),
(1173, 12),
(1254, 2),
(1436, 15),
(1355, 17),
(512, 12),
(1888, 10),
(855, 5),
(31, 4),
(1611, 1),
(1215, 15),
(1354, 16),
(2153, 19),
(62, 16),
(1256, 10),
(777, 16),
(748, 7),
(1315, 9),
(1722, 10),
(2218, 17),
(2230, 19),
(938, 9),
(1036, 13),
(826, 14),
(625, 5),
(1218, 10),
(433, 4),
(57, 5),
(1275, 2),
(1261, 17),
(917, 7),
(563, 18),
(2254, 8),
(1924, 13),
(1710, 1),
(1547, 14),
(1598, 11),
(577, 13),
(2200, 11),
(2469, 18),
(2300, 2),
(1165, 1),
(838, 18),
(1169, 13),
(2204, 5),
(2482, 19),
(2315, 2),
(2072, 9),
(2095, 13),
(1696, 19),
(1450, 10),
(384, 7),
(81, 9),
(2419, 6),
(1506, 2),
(1834, 17),
(347, 14),
(453, 3),
(267, 9),
(1294, 11),
(2349, 5),
(1754, 8),
(791, 17),
(205, 1),
(2138, 11),
(2233, 17),
(1989, 7),
(1360, 14),
(949, 10),
(2406, 17),
(963, 16),
(1342, 19),
(660, 2),
(389, 5),
(2016, 19),
(1383, 12),
(18, 3),
(286, 7),
(1679, 3),
(1633, 16),
(670, 2),
(1452, 2),
(2307, 17),
(309, 19),
(1747, 3),
(1037, 1),
(752, 14),
(1805, 14),
(855, 16),
(59, 9),
(684, 3),
(1145, 19),
(1987, 3),
(712, 4),
(2446, 3),
(916, 14),
(807, 8),
(2083, 17),
(339, 11),
(1667, 16),
(482, 13),
(2085, 9),
(1377, 17),
(663, 16),
(1070, 8),
(553, 19),
(1134, 18),
(2176, 9),
(625, 15),
(2267, 18),
(464, 6),
(2461, 8),
(2084, 17),
(170, 14),
(2481, 13),
(787, 5),
(1144, 2),
(1405, 4),
(2426, 10),
(1046, 7),
(865, 6),
(906, 19),
(1442, 6),
(297, 8),
(1747, 5),
(367, 10),
(2259, 15),
(730, 1),
(330, 3),
(499, 15),
(646, 10),
(496, 6),
(1116, 8),
(1173, 11),
(2189, 14),
(997, 8),
(1215, 9),
(1128, 10),
(130, 5),
(2454, 13),
(714, 12),
(2134, 4),
(2481, 9),
(845, 11),
(1156, 13),
(2184, 1),
(209, 16),
(856, 6),
(2010, 3),
(288, 13),
(2016, 13),
(1996, 11),
(1699, 2),
(2280, 7),
(711, 15),
(219, 7),
(1982, 8),
(1209, 14),
(2435, 15),
(681, 16),
(137, 19),
(835, 2),
(485, 4),
(469, 9),
(1753, 16),
(1267, 18),
(652, 3),
(2396, 16),
(1428, 5),
(306, 12),
(681, 17),
(1484, 8),
(843, 1),
(1323, 8),
(438, 12),
(1797, 3),
(284, 9),
(1478, 17),
(1081, 5),
(2009, 19),
(924, 7),
(1445, 13),
(748, 5),
(2027, 1),
(1924, 2),
(664, 11),
(1556, 15),
(523, 7),
(2436, 14),
(2058, 11),
(1010, 8),
(2489, 11),
(1377, 3),
(1533, 12),
(2115, 12),
(2449, 12),
(594, 12),
(548, 10),
(369, 16),
(2012, 15),
(178, 6),
(2244, 5),
(1871, 9),
(1606, 2),
(1972, 8),
(1294, 2),
(1510, 2),
(467, 7),
(590, 10),
(1311, 13),
(1210, 16),
(1191, 5),
(628, 19),
(1770, 10),
(459, 1),
(1879, 1),
(1999, 14),
(421, 5),
(1843, 3),
(1792, 2),
(750, 1),
(779, 3),
(1671, 19),
(1085, 10),
(678, 14),
(743, 14),
(976, 16),
(1926, 14),
(53, 17),
(1372, 14),
(49, 3),
(1402, 19),
(913, 19),
(1826, 15),
(2242, 6),
(2360, 12),
(263, 4),
(1173, 18),
(1116, 17),
(242, 3),
(2455, 2),
(238, 1),
(908, 18),
(1542, 5),
(837, 19),
(2352, 17),
(1433, 14),
(1455, 10),
(559, 10),
(1082, 9),
(2207, 15),
(744, 15),
(2157, 5),
(2438, 2),
(1677, 1),
(177, 18),
(708, 19),
(1363, 8),
(1174, 14),
(529, 4),
(755, 6),
(1269, 16),
(2355, 4),
(1780, 3),
(1361, 18),
(2328, 2),
(1277, 7),
(2443, 1),
(1454, 8),
(320, 14),
(70, 12),
(823, 5),
(2224, 2),
(2453, 12),
(1387, 9),
(1944, 5),
(1274, 16),
(1273, 12),
(1559, 1),
(1943, 13),
(1602, 15),
(680, 17),
(257, 13),
(104, 6),
(1530, 19),
(1101, 7),
(1270, 2),
(64, 19),
(1565, 13),
(1011, 1),
(870, 7),
(2073, 5),
(758, 4),
(1310, 5),
(2175, 17),
(2043, 5),
(764, 6),
(883, 11),
(1253, 18),
(828, 5),
(1850, 18),
(2477, 14),
(1648, 12),
(2378, 13),
(2410, 9),
(204, 12),
(1341, 12),
(117, 18),
(135, 11),
(193, 15),
(2377, 16),
(819, 19),
(516, 6),
(1495, 11),
(534, 4),
(294, 17),
(2020, 19),
(431, 19),
(816, 13),
(1645, 1),
(2004, 12),
(1697, 13),
(1202, 13),
(517, 2),
(1970, 7),
(451, 7),
(2495, 15),
(1945, 9),
(1703, 18),
(160, 18),
(1203, 16),
(1720, 5),
(2484, 13),
(1805, 12),
(698, 1),
(644, 12),
(1718, 13),
(432, 16),
(455, 7),
(2214, 10),
(2466, 6),
(329, 4),
(496, 9),
(640, 4),
(349, 12),
(72, 17),
(1520, 16),
(1206, 8),
(944, 11),
(966, 9),
(605, 6),
(1538, 11),
(1062, 9),
(388, 16),
(1144, 17),
(418, 16),
(1288, 9),
(1677, 4),
(2071, 11),
(266, 16),
(798, 9),
(358, 8),
(1261, 9),
(1004, 2),
(1577, 1),
(2023, 13),
(1173, 10),
(552, 16),
(745, 3),
(1157, 17),
(369, 14),
(1216, 15),
(687, 5),
(1016, 4),
(357, 7),
(708, 13),
(1008, 6),
(941, 9),
(1789, 1),
(16, 7),
(1664, 11),
(958, 8),
(250, 15),
(1850, 2),
(350, 7),
(807, 12),
(1625, 14),
(758, 1),
(1705, 3),
(1229, 14),
(306, 8),
(1403, 10),
(49, 6),
(1372, 12),
(1367, 5),
(627, 14),
(1382, 6),
(2289, 16),
(1369, 12),
(446, 4),
(260, 1),
(2416, 11),
(1376, 15),
(1770, 4),
(514, 4),
(2422, 6),
(799, 19),
(1297, 6),
(416, 1),
(1971, 15),
(1509, 15),
(84, 19),
(2148, 14),
(133, 12),
(2500, 5),
(745, 14),
(513, 15),
(995, 2),
(1620, 17),
(1250, 1),
(815, 7),
(2246, 12),
(187, 3),
(154, 1),
(1303, 1),
(1252, 19),
(1128, 5),
(170, 6),
(1749, 18),
(1627, 8),
(2029, 14),
(1740, 7),
(1119, 8),
(1371, 18),
(159, 3),
(1739, 9),
(2313, 13),
(1772, 13),
(543, 10),
(1236, 18),
(1123, 1),
(2047, 13),
(1249, 2),
(1624, 11),
(1499, 8),
(2494, 1),
(1495, 4),
(51, 5),
(550, 12),
(329, 8),
(1283, 13),
(543, 12),
(878, 16),
(2081, 14),
(1358, 18),
(992, 4),
(170, 15),
(51, 10),
(1835, 10),
(2446, 12),
(1833, 7),
(382, 3),
(1351, 8),
(292, 3),
(2324, 9),
(555, 8),
(1090, 4),
(936, 18),
(2301, 10),
(1390, 1),
(1650, 18),
(1386, 18),
(2233, 1),
(2354, 2),
(979, 4),
(1051, 13),
(1816, 6),
(1249, 6),
(314, 1),
(2373, 19),
(174, 6),
(704, 1),
(2088, 3),
(310, 3),
(282, 9),
(1398, 14),
(322, 14),
(871, 15),
(980, 15),
(516, 11),
(2431, 3),
(1138, 17),
(1877, 6),
(2450, 19),
(1623, 2),
(1096, 16),
(850, 17),
(454, 4),
(1151, 11),
(259, 3),
(808, 2),
(1796, 3),
(650, 6),
(2293, 6),
(396, 5),
(2240, 9),
(1929, 12),
(1672, 4),
(635, 11),
(1584, 18),
(2056, 14),
(1492, 14),
(1621, 2),
(1359, 2),
(2009, 9),
(1112, 4),
(1550, 17),
(1771, 1),
(1228, 15),
(1606, 11),
(977, 18),
(1785, 8),
(585, 19),
(1496, 10),
(2084, 9),
(1424, 2),
(468, 17),
(1708, 18),
(714, 7),
(1788, 16),
(1727, 1),
(900, 13),
(894, 3),
(489, 1),
(975, 3),
(1716, 3),
(1625, 6),
(2078, 9),
(2094, 14),
(2399, 19),
(964, 4),
(1270, 1),
(769, 5),
(408, 4),
(1899, 3),
(1576, 7),
(927, 15),
(635, 17),
(1428, 12),
(48, 12),
(1126, 4),
(1776, 5),
(316, 14),
(1021, 19),
(1840, 15),
(2054, 19),
(203, 9),
(178, 10),
(1288, 11),
(2369, 17),
(1110, 19),
(285, 18),
(1180, 17),
(1082, 15),
(2201, 5),
(2127, 19),
(762, 19),
(1581, 2),
(689, 11),
(2258, 19),
(1079, 7),
(400, 1),
(2098, 12),
(387, 18),
(933, 16),
(1657, 13),
(2097, 14),
(281, 6),
(1718, 1),
(1718, 11),
(2386, 19),
(1454, 15),
(702, 4),
(1678, 18),
(1027, 19),
(241, 12),
(1670, 8),
(772, 1),
(1326, 1),
(1603, 2),
(1462, 1),
(295, 7),
(1724, 11),
(423, 11),
(2165, 6),
(2235, 7),
(1019, 13),
(1203, 8),
(2313, 1),
(1452, 13),
(2350, 16),
(1155, 17),
(565, 16),
(879, 12),
(201, 9),
(364, 13),
(2095, 5),
(1714, 1),
(2106, 18),
(1559, 18),
(681, 6),
(1501, 17),
(1636, 13),
(225, 4),
(170, 17),
(913, 8),
(243, 18),
(454, 5),
(1047, 10),
(1742, 13),
(2275, 11),
(2022, 9),
(1142, 5),
(2303, 11),
(327, 8),
(297, 11),
(2198, 14),
(2288, 10),
(2193, 4),
(2037, 12),
(1209, 1),
(2170, 11),
(999, 17),
(2259, 16),
(1461, 12),
(2167, 11),
(1409, 3),
(2245, 13),
(157, 6),
(238, 5),
(50, 1),
(1873, 12),
(542, 16),
(1889, 6),
(643, 2),
(515, 6),
(1238, 12),
(1939, 17),
(611, 11),
(1212, 6),
(284, 13),
(1617, 10),
(766, 9),
(2357, 12),
(2350, 17),
(875, 10),
(1211, 1),
(1567, 18),
(1306, 6),
(1636, 6),
(1114, 9),
(2384, 9),
(1550, 12),
(122, 6),
(2089, 16),
(2372, 4),
(920, 7),
(2412, 17),
(2046, 2),
(1411, 9),
(1874, 11),
(560, 7),
(26, 16),
(2051, 18),
(6, 19),
(1684, 11),
(1318, 9),
(171, 16),
(424, 19),
(111, 14),
(2414, 17),
(1266, 12),
(308, 16),
(624, 19),
(2047, 9),
(933, 2),
(939, 2),
(910, 6),
(1343, 10),
(2068, 6),
(1649, 13),
(825, 6),
(191, 11),
(1045, 10),
(1639, 12),
(629, 3),
(1780, 19),
(1742, 15),
(1475, 8),
(582, 1),
(1342, 10),
(1326, 8),
(2159, 19),
(769, 6),
(445, 18),
(1652, 2),
(1091, 10),
(1404, 18),
(1651, 19),
(2041, 4),
(1300, 12),
(1987, 13),
(2464, 3),
(531, 10),
(1409, 11),
(562, 17),
(1317, 7),
(513, 8),
(1665, 9),
(1710, 17),
(2386, 2),
(2384, 14),
(548, 2),
(1247, 12),
(801, 8),
(1863, 19),
(1159, 12),
(892, 7),
(1401, 16),
(518, 16),
(698, 4),
(415, 1),
(863, 11),
(373, 1),
(960, 3),
(1401, 6),
(1913, 7),
(1413, 7),
(152, 9),
(1056, 3),
(1926, 7),
(2488, 6),
(372, 4),
(1130, 4),
(666, 16),
(1265, 15),
(849, 5),
(1230, 19),
(1274, 7),
(680, 15),
(2, 3),
(1395, 12),
(2421, 15),
(1629, 13),
(2353, 17),
(2456, 3),
(1557, 13),
(907, 12),
(2094, 6),
(364, 4),
(2031, 8),
(183, 12),
(1507, 15),
(1559, 9),
(560, 2),
(40, 13),
(945, 18),
(1180, 1),
(410, 4),
(1914, 19),
(1789, 19),
(376, 12),
(2408, 13),
(214, 10),
(351, 11),
(97, 16),
(2086, 13),
(1487, 14),
(838, 14),
(413, 14),
(776, 1),
(2214, 14),
(1399, 15),
(1244, 16),
(1002, 12),
(1306, 5),
(2089, 1),
(1868, 13),
(1046, 17),
(1751, 9),
(2031, 10),
(2438, 12),
(1996, 16),
(2244, 19),
(27, 14),
(856, 16),
(1907, 11),
(390, 4),
(1884, 11),
(978, 16),
(949, 2),
(517, 12),
(695, 12),
(2006, 12),
(1711, 19),
(1481, 14),
(704, 4),
(2271, 3),
(927, 16),
(881, 19),
(1923, 6),
(1579, 2),
(153, 4),
(980, 10),
(24, 8),
(887, 6),
(410, 14),
(331, 9),
(488, 14),
(533, 10),
(2036, 5),
(1121, 11),
(63, 19),
(598, 15),
(552, 1),
(1526, 16),
(1106, 16),
(2023, 16),
(644, 15),
(326, 12),
(2111, 6),
(1735, 3),
(185, 14),
(1561, 8),
(173, 13),
(1885, 1),
(594, 10),
(638, 5),
(2390, 15),
(2322, 17),
(1509, 14),
(1484, 14),
(896, 4),
(200, 2),
(814, 8),
(867, 14),
(748, 9),
(2337, 17),
(1493, 9),
(232, 13),
(375, 11),
(658, 1),
(595, 12),
(2150, 19),
(896, 11),
(1480, 16),
(1818, 2),
(1999, 5),
(58, 10),
(681, 11),
(2454, 8),
(373, 5),
(1653, 16),
(1269, 15),
(1047, 2),
(2000, 17),
(966, 1),
(2006, 1),
(145, 9),
(1922, 8),
(842, 7),
(440, 6),
(60, 13),
(1571, 3),
(173, 12),
(1679, 14),
(1691, 12),
(1397, 17),
(86, 1),
(2325, 1),
(1443, 19),
(2385, 11),
(950, 19),
(490, 14),
(896, 6),
(1125, 1),
(2266, 19),
(2216, 6),
(738, 2),
(1392, 15),
(104, 15),
(558, 5),
(2221, 15),
(1417, 15),
(1271, 13),
(1063, 7),
(1379, 18),
(2407, 6),
(1441, 8),
(2314, 6),
(1291, 4),
(183, 7),
(731, 17),
(1462, 18),
(2243, 18),
(499, 8),
(296, 4),
(1027, 9),
(1360, 16),
(1491, 3),
(831, 18),
(357, 17),
(1365, 1),
(1213, 13),
(1943, 4),
(2414, 19),
(39, 11),
(1534, 14),
(601, 12),
(896, 5),
(1247, 11),
(311, 2),
(1214, 16),
(231, 18),
(1211, 8),
(163, 16),
(518, 19),
(2364, 14),
(2149, 12),
(886, 4),
(2048, 1),
(1120, 2),
(404, 5),
(519, 17),
(1817, 18),
(933, 4),
(923, 19),
(934, 7),
(548, 14),
(691, 8),
(1411, 10),
(1147, 11),
(677, 6),
(789, 14),
(636, 2),
(320, 16),
(364, 10),
(1174, 8),
(179, 12),
(2355, 3),
(522, 4),
(315, 10),
(161, 16),
(1981, 2),
(1574, 14),
(1176, 4),
(129, 10),
(1414, 6),
(1411, 19),
(1279, 12),
(1110, 14),
(242, 13),
(991, 9),
(1513, 11),
(1675, 16),
(66, 9),
(1519, 4),
(1772, 17),
(2386, 14),
(2453, 8),
(1979, 3),
(1620, 8),
(2331, 14),
(2404, 9),
(861, 11),
(1517, 5),
(1363, 12),
(2397, 2),
(53, 8),
(2072, 6),
(1366, 10),
(254, 8),
(1927, 6),
(38, 1),
(462, 14),
(2244, 13),
(414, 19),
(269, 1),
(1043, 12),
(1595, 8),
(407, 9),
(352, 15),
(1625, 11),
(2410, 4),
(2462, 6),
(1621, 10),
(378, 5),
(2057, 8),
(288, 5),
(638, 19),
(1560, 16),
(558, 8),
(178, 9),
(622, 19),
(464, 16),
(1194, 14),
(831, 3),
(53, 3),
(1475, 10),
(998, 3),
(1621, 6),
(2304, 5),
(1485, 19),
(1891, 5),
(2155, 14),
(678, 1),
(467, 17),
(1427, 19),
(1575, 4),
(911, 15),
(1073, 3),
(171, 15),
(1669, 4),
(1287, 10),
(1509, 19),
(2170, 1),
(52, 11),
(190, 11),
(598, 14),
(983, 18),
(1088, 17),
(1259, 14),
(1043, 2),
(70, 10),
(2126, 18),
(2492, 18),
(677, 11),
(1205, 9),
(2281, 6),
(1364, 2),
(1490, 10),
(327, 19),
(470, 15),
(1881, 12),
(825, 7),
(795, 16),
(434, 5),
(2150, 10),
(228, 13),
(2125, 14),
(1924, 3),
(1720, 19),
(1165, 18),
(2444, 14),
(1063, 14),
(664, 16),
(1921, 7),
(621, 14),
(2027, 11),
(801, 2),
(649, 10),
(2073, 16),
(178, 3),
(206, 12),
(828, 1),
(1304, 11),
(313, 1),
(1760, 8),
(839, 10),
(478, 3),
(1786, 16),
(2040, 12),
(549, 9),
(2093, 7),
(505, 3),
(716, 17),
(591, 9),
(2301, 5),
(1056, 10),
(828, 13),
(1969, 6),
(2372, 3),
(2450, 6),
(395, 14),
(300, 11),
(483, 17),
(2262, 3),
(741, 7),
(175, 13),
(875, 7),
(2226, 4),
(291, 7),
(194, 5),
(2409, 13),
(1619, 2),
(260, 19),
(1800, 2),
(512, 14),
(1477, 8),
(686, 6),
(1560, 14),
(14, 12),
(2219, 10),
(1597, 14),
(2053, 6),
(183, 16),
(2427, 12),
(126, 16),
(320, 2),
(407, 19),
(706, 5),
(2448, 14),
(1708, 15),
(2242, 9),
(2206, 4),
(958, 7),
(1884, 5),
(1590, 2),
(2245, 12),
(2042, 17),
(1176, 11),
(1169, 9),
(1247, 2),
(2146, 9),
(261, 11),
(594, 13),
(233, 18),
(1288, 18),
(1455, 16),
(1328, 18),
(431, 17),
(1649, 4),
(2484, 8),
(2275, 13),
(2129, 5),
(1142, 10),
(623, 3),
(1154, 3),
(1337, 3),
(1528, 10),
(2204, 19),
(1400, 19),
(2409, 1),
(1530, 2),
(215, 7),
(1973, 10),
(2220, 5),
(2137, 9),
(2247, 14),
(212, 6),
(951, 5),
(2226, 2),
(2458, 17),
(925, 13),
(1731, 2),
(921, 4),
(1106, 13),
(353, 1),
(1258, 17),
(1338, 10),
(1706, 11),
(2472, 13),
(377, 1),
(1571, 9),
(2223, 17),
(1641, 9),
(2369, 15),
(2330, 3),
(271, 19),
(488, 6),
(344, 13),
(375, 10),
(1766, 3),
(1721, 8),
(1743, 6),
(651, 17),
(1426, 7),
(2015, 8),
(1315, 4),
(2438, 19),
(1336, 6),
(357, 12),
(881, 2),
(774, 5),
(1893, 3),
(2021, 6),
(2235, 16),
(1972, 11),
(1990, 1),
(2462, 14),
(451, 12),
(771, 19),
(2303, 6),
(1669, 11),
(642, 5),
(1167, 15),
(12, 4),
(2206, 15),
(2175, 4),
(72, 4),
(896, 12),
(947, 17),
(876, 17),
(875, 3),
(1796, 19),
(884, 8),
(854, 15),
(1952, 9),
(1050, 11),
(259, 13),
(2250, 4),
(609, 9),
(479, 16),
(2306, 12),
(2371, 8),
(582, 13),
(1975, 13),
(2455, 18),
(180, 9),
(635, 16),
(345, 17),
(1149, 19),
(1212, 19),
(1037, 12),
(2155, 4),
(2419, 4),
(2288, 8),
(2188, 18),
(1170, 8),
(1616, 5),
(935, 6),
(919, 8),
(1822, 14),
(2368, 12),
(1742, 11),
(900, 3),
(463, 7),
(91, 5),
(549, 6),
(2006, 8),
(2424, 2),
(1599, 15),
(1678, 14),
(1237, 3),
(1960, 2),
(5, 19),
(1062, 3),
(1210, 8),
(1030, 14),
(32, 7),
(1744, 15),
(2193, 19),
(2458, 10),
(2191, 3),
(70, 7),
(1603, 4),
(752, 1),
(1340, 12),
(1872, 12),
(2370, 5),
(2412, 6),
(2180, 11),
(1508, 17),
(2058, 3),
(557, 18),
(2482, 7),
(944, 5),
(1230, 13),
(371, 8),
(1350, 2),
(684, 9),
(968, 16),
(2177, 7),
(2442, 19),
(1335, 8),
(331, 17),
(609, 12),
(2437, 11),
(2237, 4),
(4, 5),
(432, 5),
(786, 7),
(2446, 9),
(2482, 18),
(984, 18),
(93, 11),
(1760, 12),
(367, 7),
(1793, 4),
(116, 6),
(146, 12),
(586, 13),
(544, 19),
(1744, 12),
(765, 16),
(2471, 1),
(2495, 14),
(969, 3),
(725, 4),
(1390, 18),
(1419, 13),
(2432, 16),
(795, 4),
(685, 11),
(753, 7),
(1733, 10),
(1152, 12),
(2154, 15),
(652, 7),
(2201, 8),
(2022, 11),
(462, 4),
(2121, 2),
(1050, 5),
(1880, 19),
(1395, 15),
(153, 15),
(1307, 10),
(2230, 18),
(69, 13),
(880, 12),
(1960, 8),
(1809, 10),
(1117, 8),
(554, 18),
(589, 6),
(1416, 18),
(892, 11),
(1183, 17),
(511, 4),
(1676, 2),
(2152, 9),
(2003, 19),
(863, 17),
(2154, 7),
(2392, 13),
(596, 9),
(927, 11),
(1279, 11),
(2433, 16),
(481, 6),
(324, 1),
(1085, 19),
(1237, 8),
(2068, 13),
(206, 16),
(1522, 10),
(2281, 14),
(1240, 13),
(589, 1),
(450, 9),
(280, 9),
(2066, 4),
(1742, 18),
(248, 12),
(653, 16),
(690, 11),
(937, 2),
(63, 3),
(2356, 17),
(772, 9),
(216, 12),
(928, 6),
(1121, 6),
(387, 17),
(1020, 15),
(1147, 16),
(647, 7),
(1693, 17),
(1430, 19),
(1573, 5),
(2214, 12),
(1227, 18),
(711, 11),
(2132, 17),
(88, 11),
(1702, 1),
(2135, 6),
(2243, 13),
(2306, 14),
(1827, 16),
(351, 16),
(1380, 5),
(1767, 4),
(1892, 2),
(2249, 7),
(1810, 17),
(263, 3),
(2178, 6),
(483, 14),
(361, 1),
(709, 14),
(382, 7),
(935, 11),
(467, 15),
(2124, 1),
(2388, 16),
(469, 11),
(201, 12),
(1868, 14),
(1868, 15),
(578, 5),
(1806, 14),
(510, 1),
(1759, 2),
(257, 9),
(1463, 8),
(69, 19),
(1888, 7),
(2068, 11),
(1844, 16),
(2226, 12),
(1763, 2),
(1491, 6),
(1730, 9),
(1919, 9),
(852, 13),
(608, 12),
(1373, 19),
(51, 4),
(275, 8),
(238, 11),
(1821, 19),
(34, 9),
(1241, 1),
(2102, 15),
(1398, 9),
(986, 14),
(1642, 11),
(2147, 11),
(2181, 5),
(463, 13),
(2397, 8),
(475, 4),
(2289, 3),
(921, 7),
(575, 4),
(209, 5),
(1313, 5),
(2111, 19),
(756, 19),
(33, 14),
(1874, 12),
(981, 8),
(240, 10),
(1825, 17),
(2483, 17),
(1374, 12),
(1986, 3),
(844, 11),
(1337, 1),
(590, 2),
(2080, 4),
(1586, 7),
(1495, 15),
(1836, 1),
(1082, 3),
(2068, 18),
(844, 13),
(1625, 4),
(917, 1),
(1282, 3),
(827, 12),
(176, 2),
(844, 10),
(2049, 2),
(433, 18),
(359, 3),
(510, 19),
(2238, 13),
(459, 11),
(954, 8),
(2158, 13),
(1398, 8),
(1041, 14),
(2020, 12),
(713, 6),
(941, 5),
(1881, 14),
(1930, 3),
(935, 2),
(1033, 8),
(57, 10),
(512, 10),
(2202, 13),
(1154, 10),
(126, 2),
(1401, 19),
(823, 18),
(2184, 8),
(74, 9),
(94, 17),
(1670, 1),
(1516, 7),
(1762, 3),
(272, 6),
(863, 12),
(192, 2),
(203, 2),
(1711, 11),
(257, 5),
(1855, 8),
(866, 13),
(277, 2),
(417, 12),
(331, 6),
(2013, 4),
(2171, 7),
(2148, 3),
(1362, 2),
(553, 16),
(811, 11),
(194, 16),
(1098, 10),
(2179, 4),
(416, 14),
(2429, 19),
(1404, 2),
(418, 14),
(1125, 9),
(2214, 16),
(887, 10),
(869, 13),
(498, 2),
(809, 9),
(714, 1),
(873, 3),
(844, 7),
(1073, 19),
(2027, 9),
(671, 10),
(1879, 14),
(1218, 7),
(1457, 18),
(202, 19),
(93, 12),
(1825, 18),
(90, 13),
(376, 16),
(143, 14),
(2346, 3),
(868, 16),
(1414, 13),
(1608, 17),
(2062, 19),
(2022, 2),
(1557, 2),
(1486, 8),
(2108, 15),
(703, 15),
(1845, 13),
(1647, 5),
(1359, 14),
(2134, 9),
(740, 10),
(1966, 18),
(1067, 10),
(2327, 18),
(2406, 6),
(1835, 2),
(235, 14),
(2193, 18),
(2139, 14),
(1321, 19),
(121, 9),
(1092, 2),
(1813, 2),
(664, 9),
(1034, 4),
(742, 3),
(1778, 17),
(89, 1),
(1613, 6),
(815, 9),
(2282, 8),
(1386, 9),
(878, 12),
(1644, 13),
(1361, 6),
(274, 16),
(244, 16),
(994, 17),
(1674, 18),
(1698, 5),
(2277, 4),
(1502, 6),
(1406, 10),
(10, 1),
(1943, 15),
(500, 17),
(595, 2),
(1388, 5),
(2345, 13),
(1085, 6),
(367, 13),
(1844, 18),
(2386, 10),
(2362, 2),
(1214, 1),
(2086, 1),
(2218, 7),
(1526, 14),
(1305, 6),
(929, 6),
(2132, 15),
(2098, 9),
(1857, 2),
(1225, 12),
(777, 11),
(2353, 11),
(990, 8),
(1687, 19),
(121, 3),
(2324, 14),
(1379, 5),
(558, 6),
(709, 5),
(1674, 6),
(541, 1),
(1438, 14),
(153, 13),
(1214, 7),
(1744, 14),
(689, 8),
(2484, 18),
(542, 3),
(1549, 10),
(2446, 11),
(89, 12),
(236, 18),
(774, 3),
(1271, 12),
(2120, 8),
(2061, 10),
(2003, 9),
(1725, 16),
(681, 8),
(2192, 13),
(1567, 12),
(1450, 19),
(2354, 4),
(336, 6),
(1908, 18),
(397, 5),
(316, 19),
(1002, 3),
(1876, 12),
(746, 12),
(1208, 10),
(197, 11),
(1209, 12),
(693, 9),
(2371, 19),
(725, 6),
(1850, 4),
(2142, 5),
(79, 17),
(300, 2),
(499, 18),
(1951, 10),
(1500, 14),
(1894, 18),
(2033, 13),
(228, 14),
(2192, 3),
(375, 1),
(1119, 15),
(2316, 12),
(1669, 15),
(1055, 10),
(790, 1),
(2176, 5),
(207, 7),
(627, 9),
(1380, 13),
(1484, 3),
(2286, 7),
(2174, 1),
(597, 11),
(78, 4),
(1675, 6),
(994, 2),
(118, 1),
(2378, 14),
(789, 3),
(471, 5),
(1912, 18),
(1292, 9),
(1323, 9),
(1050, 10),
(1476, 4),
(1791, 14),
(311, 3),
(2131, 6),
(957, 19),
(968, 12),
(839, 12),
(2286, 16),
(2184, 14),
(985, 13),
(854, 19),
(1841, 8),
(1053, 14),
(2234, 15),
(1352, 5),
(1389, 5),
(60, 18),
(2253, 1),
(2351, 2),
(1747, 12),
(1393, 2),
(1548, 2),
(481, 9),
(766, 8),
(1201, 14),
(1166, 10),
(247, 11),
(1888, 16),
(1890, 13),
(321, 8),
(2266, 14),
(2373, 18),
(1897, 15),
(1149, 7),
(148, 7),
(2006, 13),
(42, 3),
(1285, 13),
(1838, 13),
(1176, 5),
(2139, 15),
(855, 17),
(1019, 15),
(454, 18),
(1068, 17),
(1581, 8),
(1770, 14),
(265, 16),
(1212, 13),
(963, 1),
(2071, 3),
(452, 11),
(485, 2),
(1185, 18),
(1616, 16),
(1829, 14),
(2428, 3),
(2434, 4),
(2353, 13),
(42, 5),
(489, 16),
(2452, 12),
(1461, 1),
(2466, 3),
(989, 16),
(1193, 9),
(110, 4),
(1896, 1),
(1777, 4),
(1058, 15),
(1689, 17),
(1201, 6),
(2274, 9),
(1097, 12),
(65, 1),
(1379, 12),
(363, 13),
(1725, 12),
(739, 6),
(256, 16),
(340, 11),
(1376, 9),
(2232, 8),
(2132, 9),
(2076, 7),
(1938, 7),
(1320, 8),
(438, 8),
(2394, 11),
(233, 17),
(1091, 15),
(701, 1),
(225, 14),
(515, 1),
(2027, 12),
(1151, 15),
(604, 9),
(1984, 7),
(403, 10),
(375, 5),
(1688, 18),
(1761, 9),
(1294, 7),
(267, 11),
(1268, 5),
(644, 14),
(201, 6),
(638, 9),
(513, 11),
(2479, 7),
(76, 16),
(1282, 6),
(1085, 4),
(846, 5),
(1519, 17),
(730, 3),
(2390, 9),
(2057, 10),
(1195, 8),
(1346, 7),
(126, 14),
(811, 19),
(380, 7),
(480, 11),
(2454, 12),
(1152, 4),
(639, 17),
(463, 6),
(2258, 2),
(1930, 13),
(2500, 16),
(943, 10),
(1493, 13),
(1891, 10),
(693, 18),
(605, 4),
(1297, 13),
(2408, 12),
(1413, 2),
(1470, 19),
(1072, 15),
(2288, 5),
(2140, 10),
(404, 4),
(1567, 4),
(1305, 3),
(259, 6),
(2224, 5),
(1601, 4),
(631, 7),
(1304, 12),
(2439, 3),
(1051, 9),
(1569, 15),
(574, 18),
(1667, 5),
(1271, 17),
(654, 11),
(1589, 17),
(2067, 12),
(2416, 2),
(1015, 1),
(1695, 12),
(712, 11),
(2232, 13),
(1190, 1),
(1579, 3),
(1502, 1),
(1911, 19),
(749, 13),
(2438, 9),
(1842, 3),
(895, 7),
(2129, 4),
(1420, 2),
(180, 14),
(94, 16),
(568, 5),
(1218, 9),
(2170, 7),
(162, 18),
(816, 11),
(918, 8),
(1817, 12),
(1529, 19),
(934, 15),
(1486, 6),
(289, 2),
(2108, 11),
(1563, 8),
(2184, 4),
(2225, 15),
(1001, 9),
(1773, 15),
(1648, 14),
(530, 12),
(1012, 3),
(601, 4),
(2171, 9),
(2385, 15),
(2172, 17),
(1930, 8),
(2490, 8),
(2389, 13),
(1087, 1),
(2424, 10),
(321, 19),
(133, 19),
(1818, 19),
(704, 15),
(66, 13),
(733, 12),
(166, 16),
(921, 13),
(2086, 17),
(1145, 18),
(1747, 7),
(2040, 5),
(145, 10),
(253, 4),
(1171, 5),
(1012, 2),
(807, 1),
(1707, 18),
(722, 11),
(1912, 9),
(232, 18),
(2110, 18),
(430, 2),
(164, 16),
(914, 5),
(1829, 9),
(2500, 15),
(990, 12),
(640, 11),
(1140, 13),
(257, 11),
(328, 17),
(865, 15),
(488, 18),
(233, 14),
(2131, 3),
(1163, 8),
(215, 16),
(1443, 10),
(1081, 11),
(1464, 16),
(1129, 13),
(1222, 9),
(2304, 8),
(1174, 12),
(1650, 9),
(535, 15),
(1266, 9),
(1964, 3),
(583, 2),
(815, 16),
(972, 19),
(494, 13),
(251, 10),
(986, 19),
(829, 19),
(1575, 18),
(1360, 1),
(697, 11),
(1972, 16),
(776, 2),
(920, 1),
(195, 18),
(1256, 2),
(1963, 4),
(366, 16),
(2005, 15),
(2259, 11),
(1163, 2),
(1771, 9),
(40, 12),
(1419, 3),
(1619, 15),
(1146, 16),
(1087, 8),
(615, 1),
(1643, 8),
(79, 3),
(983, 6),
(1355, 16),
(1753, 12),
(1497, 8),
(2068, 1),
(528, 2),
(380, 19),
(1885, 4),
(189, 15),
(648, 12),
(2135, 15),
(1371, 14),
(658, 15),
(617, 12),
(1553, 4),
(1484, 7),
(1924, 16),
(1790, 19),
(396, 7),
(1458, 16),
(291, 18),
(1949, 3),
(2391, 16),
(1109, 18),
(587, 8),
(694, 8),
(678, 2),
(233, 2),
(371, 5),
(625, 7),
(1027, 13),
(1875, 6),
(1518, 12),
(371, 19),
(1994, 14),
(107, 10),
(307, 19),
(414, 16),
(485, 17),
(189, 8),
(452, 9),
(783, 11),
(1752, 13),
(2168, 3),
(1382, 17),
(755, 18),
(1711, 4),
(2452, 6),
(1141, 4),
(239, 8),
(2104, 12),
(685, 13),
(368, 11),
(136, 4),
(765, 2),
(1994, 4),
(237, 18),
(1345, 8),
(376, 18),
(1308, 6),
(1068, 2),
(853, 11),
(2188, 8),
(329, 19),
(254, 6),
(491, 19),
(245, 12),
(1947, 13),
(1147, 13),
(1908, 9),
(2201, 6),
(1287, 13),
(1838, 2),
(1685, 6),
(1217, 7),
(112, 4),
(370, 8),
(2048, 7),
(1523, 19),
(438, 5),
(1078, 19),
(564, 1),
(750, 13),
(2094, 8),
(745, 5),
(2356, 13),
(1783, 15),
(1678, 5),
(978, 8),
(977, 15),
(369, 19),
(403, 13),
(1379, 11),
(1754, 10),
(932, 4),
(1519, 19),
(1263, 12),
(391, 7),
(1637, 5),
(993, 3),
(174, 5),
(618, 15),
(733, 17),
(2123, 6),
(523, 5),
(758, 15),
(206, 4),
(1478, 19),
(2107, 16),
(2088, 15),
(2227, 6),
(1939, 10),
(1352, 19),
(2377, 19),
(89, 5),
(1715, 2),
(2394, 19),
(731, 13),
(1335, 6),
(1816, 15),
(1354, 7),
(874, 17),
(1675, 5),
(522, 6),
(2376, 10),
(2273, 17),
(1188, 9),
(1290, 5),
(446, 3),
(87, 6),
(2304, 3),
(2404, 14),
(2322, 13),
(1190, 19),
(1562, 1),
(2009, 12),
(2136, 1),
(1548, 6),
(1190, 10),
(1190, 5),
(1854, 12),
(1804, 14),
(816, 15),
(2376, 17),
(2299, 1),
(494, 15),
(165, 1),
(430, 15),
(1374, 18),
(1881, 13),
(437, 11),
(1248, 6),
(27, 9),
(1148, 7),
(262, 2),
(2407, 16),
(119, 6),
(1930, 9),
(1739, 7),
(1891, 2),
(1706, 9),
(1980, 11),
(371, 11),
(810, 14),
(67, 5),
(2453, 17),
(474, 8),
(1519, 16),
(1672, 16),
(1071, 1),
(1840, 7),
(2468, 16),
(1906, 14),
(2269, 5),
(1129, 18),
(937, 4),
(48, 5),
(583, 12),
(583, 13),
(1227, 8),
(254, 2),
(878, 19),
(1052, 1),
(1116, 12),
(1824, 6),
(1700, 10),
(1821, 18),
(407, 12),
(555, 19);
INSERT INTO `category_product` (`product_id`, `category_id`) VALUES
(1724, 12),
(1641, 5),
(2088, 8),
(464, 14),
(973, 12),
(384, 18),
(263, 13),
(705, 15),
(2392, 14),
(1475, 5),
(1720, 6),
(1063, 16),
(2069, 18),
(646, 1),
(2274, 7),
(710, 1),
(2468, 19),
(1695, 11),
(2430, 19),
(1403, 1),
(908, 9),
(1215, 5),
(294, 1),
(2081, 1),
(184, 12),
(380, 10),
(944, 9),
(1231, 18),
(1886, 1),
(1062, 14),
(1837, 17),
(504, 9),
(1379, 19),
(1449, 12),
(1774, 17),
(2071, 13),
(1735, 15),
(2141, 18),
(243, 17),
(1282, 12),
(758, 10),
(2135, 4),
(1252, 7),
(1050, 18),
(469, 13),
(362, 11),
(1321, 11),
(1650, 19),
(2335, 19),
(650, 5),
(2169, 1),
(1430, 6),
(993, 14),
(2184, 16),
(2434, 16),
(515, 2),
(968, 18),
(1265, 3),
(1299, 2),
(1605, 3),
(1009, 3),
(756, 4),
(22, 10),
(1425, 16),
(680, 13),
(243, 9),
(2015, 1),
(1275, 18),
(1240, 15),
(2437, 10),
(1023, 12),
(1520, 11),
(370, 15),
(1029, 14),
(1883, 8),
(2200, 15),
(97, 13),
(1808, 4),
(1038, 9),
(2005, 8),
(592, 13),
(405, 2),
(151, 5),
(1639, 19),
(982, 19),
(2080, 8),
(1022, 5),
(1900, 17),
(982, 5),
(1116, 16),
(2031, 17),
(2051, 6),
(1199, 7),
(671, 1),
(1911, 11),
(1882, 10),
(830, 2),
(2126, 5),
(295, 11),
(1348, 14),
(292, 18),
(653, 12),
(1128, 16),
(1365, 19),
(377, 5),
(162, 3),
(1696, 12),
(344, 16),
(1909, 4),
(396, 10),
(166, 18),
(2000, 9),
(411, 9),
(590, 19),
(1037, 18),
(1082, 13),
(234, 8),
(1159, 19),
(1260, 13),
(2105, 15),
(1308, 8),
(1378, 16),
(1250, 15),
(2358, 13),
(913, 17),
(2292, 18),
(1853, 15),
(1762, 4),
(1491, 19),
(1424, 17),
(2357, 8),
(1842, 16),
(564, 18),
(2059, 16),
(2107, 8),
(1757, 3),
(1193, 18),
(1947, 9),
(1177, 8),
(1667, 6),
(2282, 11),
(213, 10),
(1043, 16),
(281, 11),
(2491, 15),
(2406, 15),
(1569, 9),
(1754, 12),
(1542, 7),
(2117, 12),
(1345, 17),
(147, 10),
(2420, 18),
(770, 2),
(814, 1),
(1711, 10),
(167, 15),
(1333, 19),
(1395, 8),
(1669, 9),
(845, 7),
(464, 13),
(271, 11),
(2028, 12),
(364, 19),
(974, 15),
(1183, 18),
(936, 4),
(1869, 4),
(2460, 16),
(22, 1),
(1992, 14),
(1667, 4),
(565, 10),
(1515, 2),
(1992, 16),
(1338, 5),
(1766, 17),
(2291, 11),
(905, 15),
(2166, 1),
(1375, 1),
(2078, 15),
(2267, 3),
(2108, 18),
(605, 12),
(949, 9),
(2271, 8),
(1443, 5),
(2308, 5),
(2476, 12),
(1186, 9),
(1426, 3),
(322, 10),
(330, 16),
(1700, 7),
(1730, 7),
(400, 13),
(1206, 11),
(1098, 9),
(105, 15),
(97, 14),
(1166, 7),
(1648, 1),
(456, 1),
(1012, 11),
(663, 8),
(2340, 14),
(2362, 6),
(2195, 18),
(2439, 12),
(1197, 5),
(917, 13),
(1077, 9),
(1900, 16),
(272, 9),
(403, 6),
(1360, 3),
(804, 18),
(1091, 1),
(663, 19),
(226, 14),
(1768, 2),
(521, 18),
(804, 19),
(498, 13),
(131, 17),
(338, 6),
(1588, 16),
(1115, 11),
(1790, 18),
(174, 7),
(964, 16),
(945, 14),
(1129, 6),
(1548, 16),
(965, 12),
(352, 11),
(1103, 13),
(1046, 2),
(937, 7),
(1883, 2),
(662, 4),
(767, 2),
(747, 2),
(2319, 3),
(471, 9),
(1960, 15),
(2463, 4),
(2329, 10),
(605, 19),
(2357, 4),
(508, 4),
(1893, 16),
(1337, 9),
(1207, 17),
(217, 17),
(2241, 19),
(1653, 5),
(1985, 3),
(307, 17),
(1229, 4),
(743, 15),
(205, 5),
(2418, 16),
(1970, 9),
(537, 3),
(230, 16),
(1962, 2),
(1401, 7),
(740, 4),
(1828, 17),
(942, 16),
(2008, 4),
(1030, 19),
(305, 14),
(243, 3),
(929, 7),
(1948, 9),
(2148, 2),
(2427, 11),
(1631, 14),
(867, 19),
(1565, 12),
(1785, 9),
(1330, 11),
(302, 17),
(2169, 14),
(2282, 19),
(1711, 13),
(157, 9),
(1940, 3),
(984, 14),
(1558, 14),
(2083, 14),
(1312, 15),
(472, 12),
(104, 2),
(754, 16),
(720, 8),
(1061, 1),
(22, 11),
(21, 16),
(2345, 15),
(2370, 12),
(2406, 13),
(1139, 6),
(401, 9),
(101, 19),
(1603, 8),
(1949, 16),
(2454, 18),
(1171, 9),
(661, 9),
(1273, 11),
(441, 17),
(1822, 13),
(1115, 9),
(1542, 2),
(494, 7),
(2302, 7),
(1971, 12),
(693, 13),
(2054, 2),
(1196, 9),
(1322, 1),
(2426, 11),
(2230, 9),
(2442, 5),
(2149, 10),
(2089, 3),
(2474, 12),
(1180, 19),
(260, 17),
(747, 15),
(2076, 9),
(1857, 3),
(2001, 17),
(873, 18),
(99, 16),
(1232, 9),
(2138, 1),
(769, 9),
(2131, 13),
(1008, 16),
(119, 1),
(1465, 2),
(1459, 17),
(139, 6),
(2230, 7),
(352, 3),
(1361, 13),
(1113, 8),
(1156, 8),
(312, 4),
(1226, 1),
(506, 6),
(626, 13),
(884, 11),
(1906, 8),
(895, 15),
(2068, 15),
(776, 3),
(1126, 11),
(1748, 3),
(288, 6),
(2341, 10),
(1726, 15),
(1235, 6),
(735, 12),
(801, 11),
(476, 18),
(459, 18),
(1807, 8),
(282, 14),
(1601, 15),
(2376, 6),
(1100, 1),
(1097, 18),
(1029, 12),
(2377, 6),
(1627, 10),
(1754, 15),
(811, 14),
(377, 14),
(2393, 14),
(534, 7),
(1556, 19),
(748, 3),
(392, 12),
(1628, 2),
(186, 2),
(1621, 5),
(444, 11),
(480, 13),
(1191, 16),
(2467, 4),
(640, 14),
(430, 14),
(426, 1),
(1934, 5),
(1612, 8),
(1296, 15),
(891, 3),
(2078, 12),
(864, 4),
(1574, 9),
(15, 6),
(1722, 9),
(868, 6),
(1672, 12),
(351, 5),
(758, 12),
(77, 19),
(667, 8),
(1131, 7),
(656, 10),
(1216, 7),
(1418, 16),
(1813, 4),
(650, 1),
(752, 19),
(403, 5),
(1611, 8),
(172, 8),
(1419, 19),
(1788, 13),
(2323, 3),
(1934, 7),
(780, 13),
(1283, 14),
(2147, 1),
(23, 14),
(1507, 8),
(1856, 4),
(1448, 13),
(1600, 10),
(2165, 17),
(1414, 2),
(1710, 16),
(2431, 5),
(2022, 5),
(805, 16),
(2141, 13),
(2182, 8),
(1284, 17),
(2371, 12),
(1439, 19),
(2472, 14),
(2052, 17),
(424, 16),
(281, 3),
(2127, 12),
(1876, 18),
(1487, 9),
(1742, 7),
(25, 9),
(1475, 18),
(837, 9),
(1485, 15),
(1820, 3),
(1697, 18),
(390, 3),
(2115, 6),
(2426, 9),
(611, 4),
(2475, 7),
(2494, 5),
(1818, 3),
(1957, 14),
(1945, 19),
(1027, 16),
(2014, 18),
(637, 16),
(2369, 9),
(2112, 11),
(1254, 4),
(1639, 15),
(1814, 13),
(1016, 16),
(692, 4),
(1242, 6),
(328, 6),
(2098, 15),
(24, 9),
(1523, 1),
(1084, 19),
(689, 5),
(1423, 4),
(988, 17),
(1370, 16),
(551, 18),
(1280, 10),
(2330, 18),
(343, 12),
(2071, 12),
(1261, 14),
(1582, 8),
(2348, 16),
(827, 1),
(1408, 18),
(2372, 18),
(1355, 18),
(203, 11),
(128, 18),
(250, 11),
(1350, 15),
(931, 4),
(907, 11),
(2424, 14),
(1058, 17),
(1049, 18),
(1495, 9),
(2086, 7),
(546, 3),
(521, 15),
(1072, 11),
(1291, 10),
(2346, 14),
(477, 6),
(849, 15),
(684, 8),
(2365, 11),
(2278, 17),
(383, 8),
(1884, 7),
(1644, 19),
(15, 11),
(117, 12),
(1768, 14),
(464, 10),
(2362, 19),
(1820, 6),
(340, 17),
(1471, 19),
(1623, 15),
(697, 5),
(2164, 16),
(1071, 4),
(334, 19),
(2104, 13),
(1830, 15),
(2244, 17),
(1098, 6),
(2018, 19),
(1485, 14),
(2058, 8),
(138, 5),
(2279, 18),
(1732, 17),
(534, 16),
(997, 9),
(1392, 18),
(1078, 16),
(135, 2),
(2415, 10),
(811, 10),
(1947, 14),
(1267, 16),
(1569, 18),
(816, 2),
(737, 10),
(1919, 14),
(475, 13),
(2320, 12),
(2215, 18),
(567, 9),
(1934, 13),
(2094, 12),
(1728, 6),
(636, 17),
(1892, 11),
(1008, 13),
(551, 9),
(2169, 16),
(861, 8),
(1467, 5),
(1584, 15),
(1750, 13),
(2333, 1),
(446, 5),
(645, 6),
(1285, 15),
(1969, 1),
(1229, 13),
(415, 4),
(830, 11),
(2290, 9),
(1761, 16),
(1434, 2),
(1466, 10),
(1921, 15),
(460, 7),
(1990, 15),
(2175, 6),
(568, 11),
(1198, 19),
(172, 6),
(1809, 3),
(2478, 4),
(1963, 11),
(2182, 15),
(889, 6),
(1850, 17),
(1267, 9),
(1545, 12),
(2043, 3),
(1602, 17),
(2110, 13),
(1489, 5),
(2103, 14),
(1419, 6),
(766, 16),
(2292, 13),
(147, 3),
(347, 4),
(2294, 9),
(1624, 14),
(546, 11),
(213, 14),
(2440, 9),
(1397, 5),
(55, 3),
(2390, 10),
(1082, 12),
(1307, 13),
(2400, 15),
(865, 2),
(887, 4),
(42, 13),
(9, 13),
(1393, 17),
(2413, 8),
(627, 15),
(1334, 18),
(474, 17),
(529, 15),
(1348, 7),
(1886, 7),
(2462, 8),
(864, 15),
(1253, 8),
(387, 4),
(2336, 7),
(238, 18),
(586, 14),
(1686, 11),
(1543, 14),
(618, 4),
(1965, 16),
(939, 17),
(478, 8),
(953, 14),
(2362, 9),
(1151, 10),
(1701, 19),
(626, 17),
(1932, 14),
(1559, 10),
(1895, 16),
(1882, 19),
(878, 9),
(2101, 12),
(1380, 2),
(848, 3),
(1073, 15),
(1597, 13),
(1533, 3),
(1383, 18),
(519, 3),
(1604, 8),
(1038, 19),
(2461, 2),
(917, 11),
(1948, 15),
(1790, 16),
(2246, 2),
(784, 9),
(1212, 14),
(1304, 3),
(986, 15),
(2181, 9),
(1568, 9),
(832, 7),
(353, 9),
(2338, 10),
(2408, 3),
(164, 14),
(2276, 14),
(1442, 1),
(643, 15),
(993, 16),
(1595, 6),
(1641, 3),
(2369, 7),
(2310, 8),
(2061, 9),
(977, 19),
(933, 8),
(1734, 2),
(1554, 17),
(1194, 16),
(1962, 14),
(326, 2),
(762, 5),
(674, 4),
(2004, 1),
(969, 13),
(1247, 3),
(1010, 4),
(1838, 9),
(2136, 2),
(1968, 14),
(1095, 18),
(49, 19),
(349, 5),
(863, 10),
(1108, 3),
(1471, 8),
(1588, 7),
(2008, 13),
(812, 18),
(133, 4),
(2251, 4),
(253, 16),
(1923, 15),
(669, 11),
(1189, 7),
(853, 7),
(1121, 8),
(672, 15),
(2351, 8),
(640, 15),
(1779, 5),
(104, 17),
(1729, 11),
(1379, 10),
(1089, 3),
(1328, 16),
(1776, 6),
(1546, 2),
(795, 11),
(2254, 18),
(1010, 15),
(1501, 9),
(725, 16),
(1572, 17),
(2448, 7),
(289, 18),
(2252, 11),
(1308, 16),
(506, 1),
(628, 1),
(112, 5),
(1368, 12),
(1146, 18),
(1910, 6),
(356, 3),
(440, 12),
(1386, 16),
(2332, 2),
(2180, 10),
(2359, 1),
(614, 14),
(253, 8),
(115, 3),
(1577, 6),
(173, 7),
(1072, 8),
(301, 3),
(10, 4),
(2012, 4),
(536, 16),
(329, 14),
(2195, 8),
(523, 2),
(29, 5),
(512, 8),
(444, 13),
(1096, 19),
(1714, 15),
(1869, 2),
(1937, 16),
(713, 16),
(1653, 17),
(1988, 19),
(762, 15),
(1061, 4),
(489, 14),
(2367, 11),
(1541, 8),
(2374, 15),
(257, 12),
(1044, 17),
(1555, 9),
(1786, 8),
(703, 5),
(890, 13),
(1828, 3),
(1101, 13),
(1461, 9),
(2192, 11),
(1321, 2),
(1739, 11),
(1126, 3),
(1920, 6),
(1419, 17),
(1792, 10),
(752, 13),
(1377, 2),
(1840, 4),
(2152, 13),
(2498, 12),
(8, 5),
(2030, 13),
(84, 2),
(141, 2),
(1310, 2),
(1017, 5),
(2114, 3),
(2341, 19),
(613, 5),
(1629, 9),
(133, 5),
(446, 6),
(544, 13),
(996, 4),
(738, 8),
(654, 7),
(1812, 3),
(685, 17),
(1427, 13),
(466, 9),
(1977, 9),
(2109, 6),
(2241, 16),
(1563, 18),
(545, 13),
(1291, 18),
(723, 12),
(674, 15),
(967, 1),
(44, 18),
(1560, 10),
(63, 7),
(2151, 2),
(2284, 8),
(154, 14),
(155, 12),
(1006, 16),
(1002, 18),
(2390, 17),
(984, 1),
(1378, 15),
(316, 10),
(1476, 10),
(1042, 6),
(126, 3),
(1732, 7),
(1782, 13),
(313, 13),
(180, 15),
(784, 7),
(1334, 12),
(2484, 1),
(2082, 19),
(908, 4),
(2043, 4),
(334, 6),
(567, 10),
(2203, 11),
(2125, 5),
(1293, 13),
(1620, 4),
(248, 1),
(495, 2),
(1968, 10),
(1031, 2),
(1392, 19),
(210, 15),
(353, 16),
(2321, 15),
(1784, 3),
(373, 3),
(2138, 18),
(713, 4),
(2457, 15),
(2262, 19),
(422, 10),
(1039, 5),
(1552, 3),
(1486, 9),
(2316, 9),
(2116, 11),
(2432, 19),
(1171, 1),
(1442, 14),
(849, 1),
(731, 16),
(1388, 13),
(311, 13),
(1139, 9),
(1053, 10),
(1234, 5),
(1638, 16),
(1944, 17),
(82, 19),
(1382, 10),
(1538, 4),
(280, 19),
(1321, 14),
(563, 5),
(1106, 1),
(1687, 9),
(2305, 8),
(562, 19),
(2045, 11),
(1441, 16),
(101, 4),
(131, 2),
(2479, 12),
(262, 12),
(1112, 14),
(1974, 8),
(257, 19),
(1594, 11),
(1155, 6),
(1664, 8),
(1823, 7),
(2277, 12),
(640, 1),
(640, 2),
(317, 5),
(1560, 2),
(169, 3),
(548, 6),
(317, 14),
(1695, 16),
(172, 15),
(329, 16),
(1080, 17),
(2405, 9),
(1992, 18),
(1307, 16),
(254, 9),
(940, 11),
(682, 10),
(1390, 2),
(952, 18),
(871, 9),
(1385, 7),
(1445, 9),
(727, 7),
(824, 13),
(570, 4),
(251, 9),
(2433, 9),
(1812, 8),
(1827, 12),
(744, 13),
(1858, 12),
(1855, 14),
(1946, 12),
(348, 16),
(1290, 9),
(1982, 2),
(929, 3),
(1336, 14),
(2263, 5),
(583, 1),
(1921, 3),
(472, 17),
(2404, 5),
(2178, 11),
(427, 12),
(1438, 9),
(600, 18),
(1307, 1),
(320, 19),
(1771, 10),
(1633, 7),
(425, 19),
(880, 4),
(2143, 17),
(989, 14),
(2242, 15),
(1876, 16),
(778, 10),
(64, 17),
(571, 16),
(367, 5),
(1122, 1),
(56, 7),
(1829, 3),
(2270, 14),
(1582, 9),
(1883, 19),
(764, 8),
(114, 14),
(781, 15),
(1563, 17),
(2026, 17),
(1985, 8),
(1320, 16),
(2037, 4),
(2263, 15),
(1606, 7),
(2455, 12),
(16, 16),
(1012, 1),
(244, 3),
(1089, 18),
(2042, 13),
(1693, 13),
(1682, 19),
(1020, 10),
(1696, 8),
(1398, 10),
(1999, 10),
(1427, 17),
(926, 4),
(85, 12),
(2386, 8),
(1522, 17),
(1053, 18),
(2239, 4),
(1505, 12),
(1468, 2),
(207, 11),
(872, 15),
(228, 18),
(1825, 6),
(1208, 5),
(1906, 16),
(2363, 18),
(1368, 14),
(1091, 7),
(1370, 2),
(2417, 14),
(983, 5),
(1027, 11),
(2342, 3),
(663, 10),
(1372, 7),
(1495, 8),
(1561, 7),
(235, 10),
(1559, 8),
(1048, 9),
(1792, 3),
(1442, 18),
(1725, 10),
(147, 14),
(1458, 11),
(2348, 7),
(833, 3),
(1051, 1),
(803, 11),
(409, 2),
(2278, 10),
(747, 13),
(1217, 6),
(1600, 5),
(2130, 14),
(573, 2),
(2239, 11),
(2197, 11),
(2048, 16),
(57, 17),
(1918, 10),
(632, 14),
(992, 18),
(1290, 3),
(1445, 6),
(1454, 18),
(626, 5),
(1849, 9),
(2293, 17),
(1631, 11),
(1223, 10),
(74, 8),
(2160, 4),
(2408, 4),
(1024, 6),
(667, 3),
(1904, 5),
(1444, 3),
(1269, 2),
(374, 7),
(1487, 4),
(914, 18),
(1386, 17),
(1249, 9),
(1888, 3),
(1445, 4),
(1523, 12),
(1454, 3),
(2113, 5),
(896, 10),
(1213, 12),
(720, 16),
(135, 7),
(2012, 3),
(1730, 1),
(2210, 16),
(785, 15),
(1437, 5),
(783, 15),
(71, 1),
(1056, 4),
(528, 1),
(1923, 11),
(1286, 15),
(27, 15),
(2469, 9),
(1506, 5),
(1532, 14),
(1716, 17),
(234, 6),
(255, 5),
(11, 14),
(1138, 9),
(1501, 6),
(1027, 15),
(1151, 6),
(363, 5),
(2084, 4),
(2257, 1),
(1872, 8),
(1150, 1),
(2493, 18),
(1356, 14),
(2128, 12),
(1951, 9),
(1046, 8),
(979, 10),
(1749, 4),
(846, 18),
(2123, 10),
(420, 18),
(807, 7),
(2207, 5),
(2111, 15),
(2109, 1),
(1657, 16),
(752, 16),
(2014, 16),
(2262, 9),
(1884, 17),
(1811, 9),
(763, 14),
(295, 3),
(251, 7),
(1544, 16),
(549, 1),
(261, 17),
(2224, 3),
(1597, 3),
(2319, 15),
(1331, 7),
(828, 16),
(2122, 11),
(487, 7),
(304, 13),
(408, 12),
(2058, 19),
(1175, 16),
(1283, 5),
(37, 6),
(959, 7),
(1986, 18),
(1838, 5),
(1216, 6),
(971, 16),
(845, 17),
(2114, 7),
(982, 8),
(989, 7),
(1762, 8),
(1488, 1),
(622, 11),
(2470, 13),
(2337, 8),
(1408, 13),
(572, 6),
(419, 15),
(1796, 8),
(1242, 1),
(1929, 16),
(1285, 2),
(2495, 12),
(487, 4),
(794, 19),
(1310, 1),
(2493, 12),
(1257, 4),
(2229, 10),
(770, 3),
(859, 17),
(2189, 12),
(1050, 6),
(129, 8),
(841, 15),
(1159, 11),
(1432, 18),
(2391, 17),
(1268, 11),
(1112, 13),
(1233, 15),
(575, 8),
(1860, 2),
(1088, 1),
(1242, 8),
(1992, 9),
(2153, 12),
(601, 17),
(1226, 2),
(928, 14),
(146, 15),
(482, 7),
(1198, 13),
(393, 15),
(926, 1),
(2353, 8),
(177, 12),
(904, 11),
(489, 17),
(2093, 4),
(184, 9),
(222, 8),
(296, 9),
(890, 8),
(1764, 15),
(83, 10),
(1140, 10),
(1381, 8),
(1664, 2),
(2455, 7),
(213, 11),
(24, 16),
(257, 7),
(2379, 3),
(1272, 12),
(1459, 7),
(278, 1),
(18, 17),
(750, 15),
(2257, 17),
(62, 12),
(1271, 5),
(946, 7),
(404, 15),
(554, 5),
(2135, 7),
(1884, 14),
(715, 13),
(250, 14),
(342, 18),
(380, 3),
(681, 4),
(1908, 8),
(2456, 13),
(498, 17),
(1600, 8),
(213, 19),
(865, 9),
(2355, 19),
(147, 12),
(1415, 19),
(1059, 18),
(2233, 16),
(382, 1),
(350, 11),
(273, 6),
(388, 19),
(854, 13),
(664, 10),
(452, 13),
(818, 4),
(1402, 9),
(2192, 1),
(1801, 18),
(18, 15),
(296, 12),
(2201, 4),
(2068, 19),
(994, 15),
(295, 12),
(1592, 16),
(242, 14),
(444, 5),
(625, 10),
(757, 5),
(657, 9),
(2144, 7),
(219, 16),
(765, 19),
(1168, 17),
(477, 3),
(625, 1),
(1881, 2),
(1308, 7),
(928, 8),
(1206, 2),
(2381, 12),
(648, 6),
(1688, 19),
(113, 12),
(453, 7),
(1629, 4),
(1837, 10),
(1122, 6),
(1482, 1),
(288, 4),
(2421, 13),
(280, 5),
(387, 1),
(2020, 17),
(64, 15),
(2090, 16),
(2071, 16),
(2220, 19),
(2153, 5),
(760, 2),
(1294, 8),
(20, 13),
(124, 10),
(2339, 17),
(135, 14),
(1602, 3),
(2325, 10),
(572, 11),
(774, 14),
(1754, 7),
(1231, 11),
(1066, 14),
(1229, 6),
(377, 19),
(85, 1),
(1516, 3),
(1169, 17),
(306, 1),
(2341, 13),
(291, 5),
(933, 7),
(404, 10),
(749, 12),
(2327, 15),
(6, 15),
(2482, 2),
(2438, 10),
(875, 17),
(838, 9),
(1956, 4),
(1982, 7),
(2482, 12),
(2425, 16),
(2281, 15),
(1570, 6),
(1074, 4),
(600, 17),
(492, 19),
(38, 14),
(2013, 3),
(2268, 8),
(1005, 5),
(2018, 6),
(760, 3),
(208, 15),
(1361, 3),
(538, 1),
(73, 8),
(2169, 17),
(1391, 6),
(352, 1),
(1025, 1),
(325, 3),
(1641, 1),
(1965, 12),
(2194, 10),
(1166, 14),
(126, 1),
(811, 2),
(374, 17),
(233, 9),
(605, 16),
(2113, 4),
(1061, 10),
(1739, 18),
(941, 13),
(1146, 4),
(1744, 3),
(1779, 12),
(290, 5),
(1516, 4),
(686, 15),
(11, 10),
(412, 4),
(921, 15),
(1055, 14),
(85, 7),
(813, 17),
(2276, 6),
(2239, 8),
(316, 2),
(1406, 7),
(643, 18),
(2364, 2),
(1528, 14),
(1756, 11),
(800, 2),
(1674, 16),
(397, 7),
(2290, 17),
(1336, 2),
(385, 15),
(922, 11),
(2232, 16),
(2047, 12),
(1238, 14),
(758, 18),
(665, 13),
(2115, 10),
(891, 15),
(1530, 6),
(428, 6),
(841, 14),
(2056, 10),
(2176, 15),
(1237, 9),
(613, 7),
(1719, 3),
(1704, 13),
(845, 16),
(1590, 12),
(455, 1),
(1840, 6),
(2316, 11),
(699, 11),
(1167, 7),
(129, 3),
(2132, 14),
(851, 9),
(1511, 7),
(2039, 5),
(2160, 18),
(663, 7),
(607, 13),
(1107, 15),
(424, 11),
(720, 18),
(1703, 9),
(1831, 14),
(1704, 5),
(1562, 7),
(656, 4),
(517, 11),
(97, 2),
(2064, 7),
(842, 1),
(1608, 16),
(2401, 19),
(1151, 2),
(1620, 13),
(1668, 8),
(1774, 3),
(2334, 11),
(246, 11),
(838, 12),
(1684, 16),
(17, 14),
(1788, 10),
(589, 7),
(2411, 3),
(307, 7),
(1926, 10),
(1457, 14),
(2286, 1),
(1989, 5),
(1862, 6),
(1152, 5),
(1925, 3),
(908, 11),
(121, 10),
(215, 15),
(976, 12),
(1839, 1),
(2390, 8),
(2137, 15),
(598, 12),
(1148, 12),
(400, 18),
(1685, 9),
(778, 1),
(1869, 1),
(2388, 8),
(778, 6),
(734, 18),
(2111, 12),
(2189, 13),
(2335, 5),
(724, 18),
(2451, 1),
(763, 11),
(88, 17),
(1891, 15),
(923, 1),
(1977, 19),
(1845, 2),
(2045, 14),
(1036, 12),
(2202, 8),
(1834, 4),
(1633, 2),
(1442, 19),
(909, 4),
(980, 14),
(853, 4),
(1500, 15),
(74, 6),
(1876, 4),
(1834, 10),
(1465, 14),
(1364, 6),
(2195, 3),
(1292, 17),
(63, 1),
(2065, 19),
(1186, 6),
(1074, 9),
(1915, 10),
(2306, 18),
(874, 1),
(9, 19),
(591, 7),
(1973, 6),
(2131, 2),
(1274, 6),
(1674, 19),
(1947, 11),
(1066, 18),
(679, 4),
(1072, 4),
(66, 15),
(1603, 16),
(1664, 16),
(2231, 9),
(1695, 6),
(2388, 17),
(2263, 11),
(2367, 18),
(1706, 6),
(2386, 5),
(1919, 18),
(2059, 1),
(1473, 7),
(1586, 6),
(1607, 19),
(1861, 15),
(1696, 17),
(76, 13),
(2110, 14),
(1000, 12),
(2488, 19),
(1115, 1),
(1638, 18),
(1612, 4),
(715, 3),
(2296, 2),
(2108, 9),
(1405, 2),
(2405, 16),
(1988, 6),
(210, 19),
(2479, 17),
(208, 19),
(1888, 19),
(1108, 7),
(857, 4),
(656, 12),
(1009, 8),
(254, 5),
(1484, 2),
(1623, 14),
(1948, 12),
(1293, 18),
(1069, 16),
(1945, 3),
(1098, 5),
(1539, 8),
(171, 17),
(1629, 3),
(634, 4),
(2283, 18),
(2297, 10),
(1864, 14),
(2006, 4),
(177, 3),
(2001, 4),
(638, 15),
(843, 13),
(344, 8),
(285, 1),
(58, 18),
(486, 15),
(2349, 10),
(1959, 10),
(2087, 3),
(2356, 5),
(509, 4),
(555, 13),
(1228, 13),
(2044, 12),
(1075, 17),
(1534, 16),
(354, 19),
(158, 11),
(621, 19),
(1107, 8),
(596, 8),
(682, 15),
(622, 1),
(23, 16),
(2148, 12),
(866, 4),
(684, 7),
(289, 4),
(950, 17),
(1890, 7),
(1868, 12),
(1694, 1),
(730, 2),
(1811, 2),
(1617, 15),
(1352, 12),
(2409, 11),
(928, 17),
(246, 15),
(225, 6),
(729, 8),
(2407, 15),
(493, 8),
(1336, 17),
(570, 6),
(2417, 10),
(2285, 10),
(1008, 14),
(1088, 6),
(1276, 19),
(2027, 7),
(659, 7),
(1401, 13),
(642, 2),
(1444, 13),
(532, 1),
(1820, 18),
(246, 2),
(964, 12),
(692, 19),
(1764, 11),
(1632, 17),
(886, 16),
(2, 2),
(623, 8),
(2386, 6),
(429, 19),
(1845, 12),
(2329, 15),
(2240, 4),
(464, 5),
(1854, 18),
(1202, 15),
(133, 3),
(209, 17),
(327, 11),
(2128, 18),
(1524, 16),
(2012, 9),
(2050, 9),
(2034, 4),
(136, 3),
(925, 15),
(1665, 11),
(1164, 7),
(1564, 3),
(916, 1),
(1979, 16),
(308, 5),
(2409, 7),
(2005, 12),
(783, 7),
(872, 10),
(1927, 3),
(1942, 8),
(1465, 3),
(732, 15),
(427, 4),
(527, 5),
(682, 13),
(44, 11),
(1580, 10),
(1048, 5),
(48, 14),
(598, 5),
(1927, 18),
(982, 12),
(1674, 2),
(475, 10),
(1092, 4),
(7, 2),
(2212, 7),
(1766, 12),
(2428, 5),
(1787, 9),
(2124, 14),
(2191, 18),
(1460, 7),
(1499, 15),
(982, 9),
(1714, 11),
(554, 1),
(18, 11),
(1404, 7),
(332, 14),
(1043, 14),
(1692, 13),
(1682, 5),
(1091, 8),
(128, 17),
(436, 11),
(612, 9),
(1981, 5),
(2143, 10),
(1718, 12),
(463, 19),
(1049, 5),
(716, 2),
(2129, 12),
(791, 16),
(2012, 19),
(2149, 9),
(1110, 16),
(1276, 9),
(142, 10),
(676, 9),
(2062, 16),
(2045, 13),
(938, 13),
(656, 2),
(2189, 10),
(404, 19),
(2087, 11),
(473, 9),
(1754, 16),
(56, 11),
(1793, 12),
(626, 19),
(219, 4),
(1127, 17),
(1146, 17),
(131, 4),
(398, 4),
(2231, 7),
(33, 15),
(1755, 12),
(2210, 10),
(1385, 13),
(1783, 19),
(1721, 2),
(944, 13),
(787, 16),
(1291, 8),
(428, 7),
(1647, 6),
(992, 15),
(1725, 18),
(2209, 15),
(703, 12),
(1052, 4),
(653, 9),
(858, 5),
(1086, 6),
(1799, 11),
(899, 8),
(895, 17),
(1159, 13),
(545, 2),
(2421, 19),
(1602, 7),
(2279, 14),
(1189, 4),
(2119, 15),
(2268, 19),
(2074, 3),
(1547, 15),
(1350, 6),
(1153, 18),
(593, 18),
(854, 7),
(1525, 2),
(2201, 18),
(1615, 14),
(2340, 6),
(1297, 12),
(2245, 15),
(711, 5),
(902, 14),
(1634, 9),
(882, 3),
(2162, 14),
(2119, 1),
(782, 8),
(1402, 18),
(39, 9),
(1280, 19),
(1023, 8),
(901, 9),
(329, 18),
(2304, 12),
(1554, 19),
(1003, 1),
(609, 11),
(1644, 9),
(923, 3),
(1285, 19),
(593, 7),
(2440, 19),
(380, 13),
(2280, 19),
(1420, 19),
(2013, 12),
(952, 16),
(54, 5),
(700, 18),
(1408, 10),
(1164, 16),
(132, 16),
(634, 17),
(2087, 7),
(2176, 19),
(768, 3),
(1080, 16),
(2292, 4),
(190, 4),
(581, 9),
(969, 8),
(1793, 5),
(544, 9),
(154, 12),
(2382, 9),
(816, 4),
(1734, 11),
(233, 4),
(348, 2),
(644, 4),
(2209, 5),
(1400, 5),
(167, 4),
(129, 2),
(901, 17),
(2153, 8),
(381, 12),
(1560, 6),
(1883, 15),
(1571, 5),
(313, 15),
(55, 19),
(293, 2),
(1220, 15),
(2411, 16),
(851, 3),
(2229, 18),
(330, 9),
(577, 2),
(1231, 4),
(1668, 9),
(2439, 4),
(1058, 8),
(2089, 7),
(1641, 13),
(986, 10),
(1082, 11),
(62, 15),
(2173, 11),
(261, 16),
(1424, 16),
(2469, 11),
(819, 15),
(151, 6),
(596, 4),
(1768, 11),
(1208, 9),
(1224, 5),
(507, 12),
(2003, 6),
(1271, 16),
(591, 6),
(950, 14),
(1387, 18),
(1093, 5),
(697, 1),
(342, 1),
(1426, 4),
(166, 1),
(15, 10),
(2076, 6),
(2077, 14),
(1666, 18),
(233, 10),
(1082, 2),
(198, 10),
(1671, 16),
(1446, 5),
(879, 4),
(1854, 19),
(2494, 2),
(1225, 16),
(2480, 5),
(2458, 12),
(510, 18),
(1996, 3),
(1429, 18),
(1153, 1),
(1758, 12),
(2247, 6),
(1932, 11),
(606, 17),
(442, 1),
(1101, 10),
(2296, 19),
(1500, 11),
(2332, 3),
(99, 17),
(800, 4),
(516, 13),
(320, 5),
(259, 12),
(2260, 3),
(927, 4),
(1143, 9),
(178, 15),
(1967, 2),
(1198, 5),
(1676, 14),
(2317, 4),
(2180, 15),
(2068, 14),
(1857, 6),
(1621, 14),
(2409, 9),
(2263, 3),
(1601, 19),
(1751, 2),
(1852, 3),
(506, 5),
(1755, 17),
(227, 18),
(835, 3),
(2158, 1),
(148, 11),
(1514, 1),
(1717, 7),
(1700, 1),
(2175, 12),
(615, 4),
(662, 13),
(1719, 5),
(1521, 16),
(52, 7),
(696, 17),
(2399, 6),
(902, 2),
(1924, 12),
(1736, 11),
(1549, 17),
(2222, 13),
(1826, 18),
(1363, 11),
(1899, 8),
(193, 2),
(190, 10),
(2259, 17),
(2187, 18),
(2220, 4),
(2448, 2),
(1007, 4),
(1362, 8),
(2246, 9),
(1432, 6),
(731, 8),
(130, 15),
(1272, 7),
(1884, 15),
(345, 14),
(1303, 11),
(653, 17),
(2376, 4),
(1395, 10),
(362, 19),
(970, 6),
(2461, 6),
(113, 13),
(2117, 16),
(2417, 6),
(1184, 14),
(1896, 5),
(1969, 10),
(1463, 17),
(2117, 1),
(2478, 2),
(1566, 7),
(576, 16),
(667, 2),
(709, 12),
(2396, 10),
(1154, 17),
(542, 1),
(2136, 14),
(1789, 5),
(709, 8),
(84, 13),
(1330, 8),
(455, 19),
(2464, 18),
(1757, 19),
(1985, 16),
(2387, 1),
(12, 5),
(136, 19),
(1966, 17),
(704, 5),
(167, 6),
(2148, 16),
(2403, 2),
(1585, 13),
(744, 4),
(113, 8),
(1225, 7),
(1343, 13),
(2302, 5),
(789, 16),
(1330, 6),
(2158, 2),
(2354, 12),
(2341, 3),
(332, 9),
(1908, 17),
(1529, 1),
(357, 19),
(63, 18),
(1854, 13),
(1646, 14),
(1996, 15),
(2258, 14),
(2374, 7),
(1665, 6),
(638, 2),
(2327, 6),
(1451, 11),
(1303, 7),
(2168, 11),
(1753, 10),
(388, 11),
(1511, 11),
(167, 16),
(843, 5),
(1445, 12),
(1167, 14),
(2457, 10),
(2287, 6),
(1384, 9),
(1324, 19),
(1716, 11),
(625, 14),
(391, 6),
(2112, 7),
(1750, 14),
(1745, 17),
(2337, 5),
(2407, 19),
(1981, 10),
(2445, 5),
(916, 12),
(1478, 5),
(2463, 6),
(2026, 5),
(946, 6),
(231, 14),
(1358, 3),
(1006, 12),
(328, 4),
(2135, 16),
(698, 14),
(1937, 4),
(2420, 4),
(76, 5),
(1193, 8),
(893, 6),
(950, 5),
(746, 8),
(622, 2),
(290, 17),
(2484, 16),
(1547, 1),
(2251, 1),
(1964, 12),
(920, 18),
(862, 7),
(961, 5),
(966, 18),
(1444, 19),
(1554, 6),
(1187, 3),
(663, 14),
(356, 18),
(590, 18),
(1191, 10),
(248, 9),
(300, 15),
(1433, 17),
(381, 4),
(1438, 11),
(2342, 9),
(1217, 2),
(1782, 9),
(2103, 19),
(1894, 4),
(1748, 10),
(161, 12),
(996, 13),
(368, 19),
(718, 6),
(2080, 1),
(1974, 10),
(877, 1),
(1135, 13),
(1733, 5),
(1645, 9),
(1705, 10),
(1914, 15),
(1808, 15),
(2153, 18),
(2247, 8),
(300, 16),
(512, 4),
(1723, 10),
(284, 12),
(776, 5),
(1377, 14),
(2115, 19),
(900, 8),
(547, 7),
(2492, 4),
(1457, 7),
(406, 8),
(1395, 3),
(1116, 2),
(1516, 18),
(1934, 10),
(1933, 10),
(1749, 3),
(946, 17),
(510, 10),
(635, 7),
(1362, 7),
(2221, 19),
(2450, 5),
(1733, 15),
(747, 5),
(706, 16),
(392, 17),
(1385, 5),
(1492, 16),
(462, 16),
(2047, 6),
(77, 14),
(825, 9),
(1289, 6),
(976, 8),
(916, 4),
(1628, 12),
(1136, 8),
(1284, 2),
(2394, 9),
(168, 15),
(2398, 13),
(867, 7),
(1470, 9),
(515, 7),
(2070, 8),
(845, 1),
(1459, 3),
(511, 14),
(1070, 9),
(100, 19),
(1409, 8),
(2113, 16),
(1661, 3),
(275, 1),
(2041, 7),
(167, 18),
(36, 17),
(1662, 13),
(144, 14),
(2164, 19),
(1359, 9),
(1453, 15),
(25, 8),
(2290, 10),
(424, 6),
(1130, 8),
(2319, 1),
(2438, 4),
(1175, 12),
(2295, 10),
(830, 6),
(685, 18),
(1419, 14),
(1819, 19),
(848, 2),
(745, 13),
(1978, 16),
(356, 13),
(1360, 18),
(1881, 7),
(1522, 18),
(2101, 14),
(1987, 1),
(120, 18),
(2005, 5),
(2094, 17),
(914, 2),
(281, 1),
(2149, 13),
(1160, 10),
(813, 14),
(327, 7),
(2130, 10),
(50, 5),
(1183, 7),
(514, 19),
(238, 17),
(1855, 15),
(1517, 7),
(1661, 1),
(1030, 12),
(1152, 19),
(1495, 2),
(406, 16),
(1457, 1),
(1532, 2),
(743, 19),
(997, 15),
(1733, 17),
(432, 11),
(2102, 8),
(961, 17),
(1270, 13),
(614, 19),
(1444, 15),
(1371, 4),
(912, 4),
(2222, 1),
(712, 9),
(968, 13),
(1040, 1),
(1207, 18),
(2474, 4),
(1279, 16),
(1992, 3),
(913, 2),
(1247, 14),
(991, 13),
(2107, 10),
(559, 7),
(2325, 12),
(1028, 2),
(2451, 8),
(257, 15),
(1866, 18),
(210, 16),
(2385, 3),
(2193, 15),
(229, 7),
(1627, 3),
(2441, 2),
(813, 3),
(1712, 3),
(1294, 18),
(1835, 9),
(179, 10),
(1608, 5),
(820, 16),
(1892, 18),
(757, 1),
(1077, 1),
(2367, 13),
(1972, 17),
(1510, 18),
(998, 12),
(965, 6),
(1572, 8),
(174, 11),
(600, 14),
(74, 17),
(1415, 18),
(1922, 12),
(682, 6),
(527, 2),
(869, 15),
(2261, 12),
(620, 9),
(229, 6),
(642, 13),
(2201, 2),
(257, 10),
(585, 5),
(392, 9),
(1200, 13),
(2145, 5),
(2234, 18),
(1554, 13),
(2285, 3),
(190, 8),
(1104, 14),
(1677, 19),
(1301, 2),
(1483, 14),
(417, 16),
(885, 2),
(515, 4),
(389, 17),
(236, 1),
(667, 9),
(1725, 6),
(1535, 4),
(1192, 9),
(1007, 19),
(1192, 5),
(1928, 8),
(780, 7),
(409, 5),
(1100, 15),
(1012, 4),
(1909, 7),
(657, 15),
(1975, 3),
(880, 13),
(991, 2),
(277, 6),
(576, 10),
(1438, 16),
(2271, 18),
(1892, 1),
(1489, 7),
(1994, 2),
(2254, 12),
(290, 6),
(2172, 10),
(2370, 9),
(2134, 2),
(1959, 13),
(728, 6),
(854, 14),
(1721, 12),
(418, 6),
(96, 14),
(1486, 12),
(388, 10),
(1587, 14),
(1000, 10),
(1500, 13),
(2461, 14),
(1498, 17),
(1362, 18),
(2371, 14),
(2128, 11),
(1037, 11),
(53, 1),
(827, 18),
(799, 8),
(152, 10),
(1667, 14),
(375, 7),
(1513, 10),
(116, 3),
(2361, 6),
(2296, 5),
(860, 7),
(2100, 5),
(762, 14),
(977, 3),
(631, 19),
(2208, 14),
(1908, 19),
(1315, 10),
(1134, 10),
(367, 1),
(1400, 1),
(1403, 18),
(606, 16),
(966, 12),
(1078, 2),
(702, 3),
(932, 14),
(458, 2),
(590, 13),
(2451, 16),
(1355, 2),
(1201, 11),
(1087, 9),
(1874, 1),
(1637, 19),
(2061, 8),
(1642, 19),
(1678, 6),
(2466, 12),
(446, 14),
(542, 2),
(2439, 18),
(2442, 16),
(1754, 18),
(695, 11),
(461, 18),
(2335, 9),
(1172, 13),
(992, 3),
(2261, 18),
(383, 15),
(1272, 3),
(546, 19),
(160, 3),
(1781, 18),
(1368, 10),
(2253, 14),
(1903, 4),
(1689, 15),
(2233, 13),
(1507, 9),
(709, 7),
(1707, 11),
(2061, 4),
(1251, 1),
(1209, 11),
(557, 1),
(1750, 3),
(352, 4),
(761, 7),
(445, 11),
(2375, 14),
(2309, 3),
(2464, 16),
(30, 19),
(2047, 1),
(1302, 2),
(163, 2),
(1844, 4),
(3, 19),
(1172, 1),
(2470, 12),
(589, 9),
(2247, 11),
(8, 11),
(1385, 19),
(29, 10),
(2309, 15),
(76, 9),
(1408, 14),
(1673, 16),
(95, 3),
(1260, 5),
(1646, 7),
(1048, 16),
(209, 12),
(2169, 15),
(2204, 3),
(695, 15),
(226, 5),
(1893, 19),
(197, 7),
(1262, 1),
(90, 4),
(515, 14),
(106, 8),
(84, 10),
(515, 18),
(620, 10),
(2051, 7),
(1819, 15),
(600, 10),
(2314, 11),
(96, 9),
(314, 18),
(102, 12),
(1787, 4),
(1990, 3),
(1225, 1),
(298, 10),
(1367, 14),
(1486, 11),
(1398, 5),
(2472, 2),
(1070, 17),
(2125, 2),
(2116, 19),
(2251, 19),
(591, 8),
(1488, 6),
(1066, 4),
(778, 17),
(1344, 8),
(1973, 15),
(383, 18),
(450, 19),
(2323, 11),
(271, 12),
(2147, 4),
(820, 10),
(721, 15),
(1018, 18),
(788, 3),
(1505, 9),
(1258, 10),
(1274, 8),
(1766, 4),
(1819, 17),
(1531, 7),
(379, 4),
(889, 4),
(709, 9),
(1939, 14),
(455, 13),
(399, 12),
(2240, 17),
(181, 17),
(1636, 1),
(1832, 5),
(606, 3),
(489, 13),
(2034, 19),
(173, 11),
(891, 1),
(1655, 17),
(1624, 12),
(2179, 16),
(1124, 15),
(2185, 15),
(956, 16),
(2299, 19),
(2184, 5),
(2425, 10),
(2430, 12),
(534, 15),
(1773, 9),
(1514, 11),
(1618, 18),
(2032, 8),
(1433, 3),
(1076, 16),
(1611, 6),
(1017, 19),
(807, 15),
(904, 10),
(1269, 11),
(1390, 14),
(1374, 2),
(364, 11),
(394, 15),
(1644, 18),
(1067, 12),
(471, 4),
(1187, 10),
(2469, 17),
(2114, 8),
(734, 2),
(183, 2),
(1048, 1),
(1496, 19),
(651, 7),
(1431, 9),
(1903, 17),
(309, 15),
(504, 3),
(1503, 9),
(1221, 7),
(1980, 2),
(1269, 7),
(2406, 16),
(2489, 2),
(1723, 12),
(1932, 17),
(1087, 19),
(1918, 7),
(364, 16),
(1861, 9),
(2315, 5),
(1009, 12),
(1474, 3),
(1561, 18),
(2393, 18),
(1027, 2),
(1134, 5),
(2225, 5),
(1182, 7),
(1532, 18),
(1490, 14),
(350, 8),
(1916, 9),
(4, 9),
(610, 1),
(1099, 11),
(759, 19),
(2205, 10),
(1003, 14),
(1113, 6),
(874, 10),
(1766, 11),
(809, 18),
(1227, 19),
(1639, 8),
(332, 17),
(1026, 10),
(1976, 6),
(2400, 19),
(332, 2),
(707, 8),
(1572, 12),
(805, 3),
(45, 14),
(2213, 11),
(1638, 5),
(1895, 18),
(1092, 7),
(2149, 1),
(1227, 4),
(855, 11),
(74, 2),
(555, 18),
(719, 10),
(2422, 10),
(212, 11),
(1497, 6),
(1024, 13),
(1118, 9),
(320, 6),
(764, 19),
(458, 17),
(1688, 11),
(1584, 16),
(509, 2),
(2061, 17),
(269, 4),
(1463, 11),
(1455, 1),
(1839, 16),
(931, 18),
(1912, 4),
(32, 5),
(1721, 16),
(2079, 10),
(268, 4),
(1985, 5),
(1032, 7),
(964, 15),
(2273, 2),
(2351, 15),
(1124, 16),
(1293, 6),
(2320, 16),
(2284, 6),
(1824, 10),
(680, 10),
(1214, 8),
(1742, 8),
(726, 10),
(2207, 17),
(1603, 5),
(1866, 7),
(1524, 8),
(1274, 14),
(2323, 14),
(1789, 15),
(939, 14),
(2281, 10),
(1059, 14),
(854, 8),
(1904, 1),
(972, 7),
(1986, 15),
(2496, 11),
(85, 16),
(1221, 9),
(1987, 7),
(379, 16),
(1555, 7),
(201, 3),
(476, 2),
(1527, 7),
(332, 18),
(1917, 12),
(762, 13),
(2281, 17),
(603, 6),
(482, 10),
(368, 5),
(1443, 14),
(129, 12),
(1031, 7),
(957, 2),
(1490, 3),
(534, 18),
(2142, 2),
(453, 2),
(2236, 4),
(1946, 16),
(173, 1),
(2230, 1),
(635, 6),
(455, 10),
(815, 15),
(1605, 11),
(729, 3),
(2031, 6),
(800, 3),
(551, 12),
(2049, 1),
(2057, 16),
(1495, 6),
(2277, 2),
(1073, 14),
(87, 9),
(1275, 16),
(943, 18),
(924, 12),
(1783, 4),
(1448, 14),
(186, 5),
(168, 5),
(777, 18),
(420, 1),
(1357, 10),
(756, 1),
(1129, 2),
(2447, 15),
(1312, 16),
(581, 12),
(812, 12),
(1999, 12),
(198, 5),
(2162, 18),
(643, 16),
(1300, 7),
(116, 11),
(1776, 14),
(404, 8),
(520, 12),
(877, 9),
(166, 13),
(789, 8),
(685, 3),
(1375, 8),
(536, 2),
(1343, 4),
(2051, 11),
(2181, 18),
(62, 3),
(2328, 17),
(1450, 1),
(2146, 4),
(1462, 8),
(1987, 14),
(712, 15),
(1319, 10),
(179, 6),
(1477, 12),
(459, 10),
(420, 16),
(647, 1),
(2211, 14),
(719, 18),
(951, 14),
(751, 7),
(611, 2),
(1522, 5),
(1396, 11),
(2238, 15),
(1839, 15),
(241, 4),
(506, 13),
(1271, 14),
(21, 18),
(1068, 18),
(1311, 17),
(1964, 4),
(106, 10),
(1903, 9),
(552, 8),
(1138, 13),
(635, 4),
(440, 7),
(346, 1),
(1989, 1),
(1742, 3),
(109, 4),
(399, 6),
(1819, 5),
(1126, 12),
(1863, 14),
(2415, 4),
(2070, 19),
(10, 6),
(1019, 3),
(1954, 18),
(1090, 11),
(1512, 16),
(867, 10),
(797, 15),
(516, 2),
(108, 2),
(1787, 13),
(705, 13),
(1772, 1),
(1008, 3),
(175, 9),
(1741, 11),
(772, 17),
(404, 13),
(1104, 15),
(1827, 17),
(2141, 17),
(987, 6),
(1936, 1),
(261, 5),
(1699, 8),
(1940, 11),
(891, 7),
(1217, 12),
(1910, 4),
(2396, 2),
(1595, 17),
(146, 6),
(906, 14),
(2008, 1),
(214, 12),
(2281, 9),
(1349, 2),
(1141, 17),
(1060, 4),
(2246, 3),
(149, 17),
(321, 3),
(2052, 19),
(1443, 17),
(1650, 8),
(1777, 16),
(1577, 19),
(206, 6),
(851, 8),
(958, 11),
(1565, 6),
(1617, 4),
(1794, 11),
(749, 8),
(229, 10),
(472, 5),
(1809, 15),
(2257, 10),
(990, 15),
(676, 8),
(1297, 18),
(1248, 8),
(870, 17),
(2266, 16),
(471, 2),
(1950, 7),
(66, 2),
(458, 15),
(290, 2),
(598, 9),
(1178, 1),
(1552, 6),
(882, 6),
(1693, 6),
(2143, 18),
(235, 19),
(1744, 10),
(1904, 8),
(2348, 4),
(1011, 13),
(986, 3),
(2415, 18),
(2216, 10),
(1738, 9),
(841, 7),
(35, 18),
(788, 9),
(2213, 6),
(1027, 1),
(139, 8),
(1605, 7),
(2363, 14),
(1532, 7),
(21, 2),
(1849, 14),
(183, 14),
(1088, 8),
(2189, 8),
(1083, 12),
(1529, 18),
(717, 17),
(1679, 17),
(465, 18),
(223, 6),
(1840, 16),
(559, 19),
(2144, 19),
(924, 5),
(191, 3),
(1583, 10),
(1233, 8),
(1305, 11),
(2251, 15),
(2264, 4),
(1429, 16),
(1763, 3),
(686, 11),
(311, 10),
(1923, 16),
(874, 3),
(888, 6),
(642, 16),
(1182, 9),
(1159, 3),
(261, 8),
(540, 18),
(593, 14),
(488, 13),
(145, 11),
(2217, 15),
(1117, 13),
(232, 14),
(238, 13),
(2203, 12),
(772, 10),
(1399, 3),
(1450, 2),
(2131, 12),
(1610, 14),
(969, 16),
(1038, 18),
(1317, 10),
(21, 5),
(2287, 18),
(1914, 10),
(2163, 17),
(395, 15),
(1302, 13),
(222, 2),
(466, 12),
(1463, 16),
(2001, 18),
(1090, 9),
(2371, 5),
(2470, 15),
(11, 17),
(99, 13),
(797, 3),
(1038, 11),
(12, 18),
(1259, 5),
(1681, 16),
(1822, 18),
(1786, 3),
(262, 13),
(871, 1),
(596, 1),
(951, 9),
(918, 15),
(2471, 15),
(2429, 7),
(694, 19),
(1396, 16),
(573, 11),
(1854, 14),
(838, 13),
(2194, 1),
(2260, 4),
(1214, 14),
(2269, 16),
(1860, 7),
(673, 3),
(114, 7),
(1440, 8),
(212, 9),
(1149, 11),
(2163, 14),
(1520, 12),
(1499, 14),
(1446, 19),
(896, 19),
(1306, 2),
(1731, 19),
(744, 6),
(1650, 4),
(2087, 10),
(2471, 8),
(223, 8),
(580, 10),
(309, 3),
(1222, 18),
(176, 9),
(1056, 16),
(2196, 7),
(1881, 9),
(745, 16),
(2051, 15),
(1201, 2),
(951, 1),
(1910, 19),
(87, 5),
(1213, 6),
(1260, 11),
(821, 12),
(1087, 16),
(795, 15),
(1424, 7),
(2098, 10),
(1752, 5),
(931, 1),
(1282, 5),
(1969, 15),
(51, 6),
(313, 16),
(1523, 7),
(270, 9),
(2362, 12),
(224, 7),
(1133, 3),
(1303, 15),
(152, 1),
(1252, 12),
(1787, 3),
(1245, 16),
(337, 1),
(2415, 9),
(267, 3),
(869, 1),
(358, 18),
(1338, 15),
(1832, 16),
(433, 9),
(1094, 8),
(1382, 8),
(1202, 4),
(1851, 15),
(1175, 3),
(548, 1),
(2180, 4),
(1198, 8),
(330, 15),
(1395, 17),
(1153, 5),
(536, 9),
(2175, 19),
(231, 9),
(1685, 12),
(1290, 6),
(1300, 2),
(1011, 10),
(1637, 3),
(11, 18),
(72, 5),
(738, 4),
(888, 11),
(1273, 17),
(60, 7),
(1945, 6),
(1996, 14),
(1759, 1),
(1437, 12),
(1843, 5),
(943, 3),
(422, 17),
(339, 17),
(1771, 2),
(1036, 15),
(2497, 8),
(2301, 1),
(2308, 18),
(1824, 3),
(492, 13),
(455, 5),
(2090, 7),
(2133, 19),
(2315, 12),
(863, 1),
(1736, 13),
(2154, 11),
(2211, 16),
(991, 16),
(356, 16),
(931, 2),
(2285, 2),
(1309, 8),
(1821, 8),
(672, 6),
(825, 14),
(2170, 6),
(2309, 2),
(1953, 5),
(2135, 3),
(1879, 9),
(1147, 14),
(1515, 6),
(1101, 6),
(931, 19),
(1913, 15),
(1830, 14),
(1763, 15),
(1716, 2),
(1841, 5),
(1680, 1),
(2089, 13),
(1190, 13),
(1747, 8),
(1492, 6),
(45, 12),
(1215, 19),
(914, 6),
(2483, 13),
(1785, 7),
(1732, 13),
(1816, 16),
(607, 17),
(498, 9),
(1176, 19),
(1184, 12),
(2408, 7),
(1932, 12),
(1779, 14),
(78, 13),
(2471, 10),
(1810, 8),
(1243, 19),
(16, 1),
(1332, 16),
(2002, 13),
(1760, 4),
(1353, 10),
(933, 11),
(1883, 1),
(114, 13),
(1613, 13),
(2499, 10),
(614, 5),
(732, 11),
(1376, 19),
(1531, 3),
(2314, 12),
(1814, 19),
(80, 18),
(728, 12),
(1437, 7),
(2265, 17),
(982, 17),
(78, 7),
(1167, 6),
(304, 15),
(1313, 7),
(2419, 13),
(620, 6),
(1978, 13),
(2473, 9),
(1788, 19),
(728, 19),
(1962, 15),
(1143, 13),
(958, 10),
(1589, 19),
(2487, 10),
(1634, 3),
(1253, 5),
(1894, 17),
(152, 4),
(1109, 9),
(2227, 19),
(1652, 8),
(656, 11),
(197, 13),
(1629, 2),
(69, 10),
(1698, 10),
(690, 18),
(1815, 8),
(870, 1),
(1677, 6),
(1937, 10),
(1222, 10),
(496, 15),
(1036, 14),
(476, 10),
(234, 16),
(2193, 13),
(584, 7),
(1974, 2),
(1269, 6),
(1402, 6),
(1915, 3),
(2120, 11),
(586, 7),
(2081, 8),
(826, 12),
(1076, 2),
(2392, 1),
(2202, 6),
(657, 10),
(1693, 8),
(304, 5),
(2333, 14),
(2477, 4),
(1481, 3),
(2122, 3),
(1733, 1),
(2222, 3),
(1303, 9),
(1660, 13),
(2464, 1),
(1219, 13),
(1125, 7),
(1359, 11),
(2425, 18),
(1461, 17),
(1543, 18),
(2005, 16),
(39, 12),
(903, 1),
(50, 16),
(2106, 8),
(1964, 11),
(1329, 10),
(237, 6),
(1846, 15),
(1970, 10),
(1494, 11),
(1440, 12),
(311, 16),
(312, 19),
(712, 6),
(354, 5),
(1219, 8),
(1623, 8),
(580, 3),
(2047, 5),
(539, 13),
(1637, 9),
(2000, 13),
(1101, 16),
(1111, 8),
(1061, 12),
(561, 13),
(948, 3),
(2104, 1),
(1152, 8),
(1974, 9),
(2020, 13),
(1953, 1),
(604, 8),
(1552, 8),
(894, 12),
(2054, 18),
(1715, 1),
(2044, 1),
(70, 11),
(738, 9),
(914, 10),
(970, 7),
(1347, 11),
(1152, 1),
(555, 17),
(2448, 15),
(1785, 17),
(671, 3),
(503, 7),
(970, 13),
(1773, 19),
(2264, 17),
(192, 16),
(522, 10),
(2311, 10),
(1939, 9),
(1568, 17),
(2260, 14),
(496, 13),
(2240, 12),
(2165, 11),
(903, 9),
(1052, 13),
(1102, 9),
(1785, 19),
(1660, 10),
(1385, 3),
(2, 16),
(623, 19),
(770, 6),
(760, 6),
(1615, 8),
(181, 9),
(1266, 18),
(2288, 19),
(1771, 7),
(541, 17),
(1819, 10),
(2244, 2),
(2007, 2),
(939, 7),
(124, 3),
(219, 2),
(1507, 18),
(1331, 8),
(307, 9),
(157, 10),
(1593, 15),
(1886, 6),
(142, 19),
(1251, 2),
(2037, 15),
(1946, 4),
(306, 5),
(1417, 1),
(1194, 15),
(201, 17),
(650, 4),
(157, 1),
(1487, 15),
(878, 6),
(1261, 3),
(855, 12),
(876, 10),
(2388, 2),
(1765, 9),
(997, 2),
(276, 1),
(447, 7),
(425, 17),
(1362, 4),
(1993, 19),
(2360, 6),
(89, 13),
(315, 12),
(511, 2),
(2247, 9),
(155, 15),
(1458, 8),
(1937, 17),
(1316, 3),
(230, 17),
(683, 2),
(2037, 10),
(164, 3),
(178, 1),
(2460, 3),
(1034, 3),
(1780, 1),
(1023, 19),
(2241, 6),
(1360, 10),
(1884, 18),
(1339, 15),
(1459, 10),
(492, 14),
(2011, 11),
(857, 17),
(827, 7),
(2000, 3),
(1786, 18),
(1813, 7),
(1709, 16),
(68, 16),
(435, 1),
(2019, 2),
(2461, 16),
(1228, 10),
(1778, 14),
(1618, 12),
(20, 3),
(1835, 11),
(2429, 13),
(2147, 13),
(2094, 16),
(2200, 16),
(119, 4),
(1545, 7),
(125, 1),
(1300, 9),
(5, 10),
(2106, 15),
(748, 10),
(1703, 17),
(643, 14),
(2089, 4),
(1658, 16),
(2383, 1),
(1114, 14),
(764, 16),
(376, 17),
(1725, 8),
(789, 2),
(1330, 13),
(2370, 10),
(1983, 3),
(1599, 14),
(328, 19),
(967, 16),
(1120, 15),
(495, 4),
(2071, 6),
(1663, 2),
(1425, 3),
(1284, 8),
(1744, 19),
(1045, 8),
(140, 14),
(2273, 19),
(2050, 2),
(1317, 18),
(95, 6),
(1564, 16),
(707, 1),
(2248, 6),
(2467, 18),
(2032, 19),
(1997, 2),
(1784, 15),
(1234, 3),
(2308, 1),
(701, 15),
(1628, 7),
(2182, 16),
(2063, 8),
(98, 15),
(300, 3),
(929, 11),
(30, 15),
(2005, 6),
(2311, 8),
(95, 16),
(1007, 6),
(287, 8),
(2117, 14),
(2405, 3),
(1710, 8),
(451, 9),
(1194, 5),
(932, 11),
(2268, 16),
(140, 8),
(1847, 14),
(473, 4),
(1187, 1),
(365, 15),
(1905, 3),
(836, 4),
(1648, 10),
(2151, 13),
(947, 7),
(643, 12),
(1964, 13),
(115, 11),
(1215, 18),
(831, 9),
(1587, 17),
(1188, 15),
(1375, 14),
(1188, 5),
(1880, 2),
(742, 5),
(444, 6),
(1240, 18),
(1964, 6),
(100, 16),
(34, 4),
(386, 4),
(2178, 9),
(1961, 2),
(697, 6),
(478, 15),
(1721, 9),
(1029, 19),
(643, 4),
(2200, 13),
(589, 19),
(2002, 14),
(680, 19),
(2449, 14),
(802, 8),
(843, 14),
(734, 8),
(740, 8),
(2017, 16),
(1499, 12),
(1741, 13),
(238, 19),
(1131, 6),
(556, 14),
(1005, 2),
(354, 16),
(37, 8),
(2237, 6),
(1673, 18),
(576, 14),
(595, 13),
(163, 6),
(1862, 17),
(1888, 18),
(502, 12),
(1788, 18),
(996, 14),
(219, 19),
(402, 6),
(751, 17),
(91, 8),
(684, 10),
(1863, 13),
(539, 4),
(225, 16),
(153, 11),
(2250, 5),
(189, 7),
(2101, 2),
(2373, 10),
(75, 11),
(973, 8),
(2153, 15),
(454, 9),
(2292, 14),
(1316, 6),
(391, 3),
(1314, 14),
(822, 2),
(1671, 17),
(1541, 14),
(524, 6),
(1452, 18),
(2164, 3),
(15, 2),
(1761, 19);

-- --------------------------------------------------------

--
-- Структура таблицы `comments`
--

CREATE TABLE `comments` (
  `id` int(11) NOT NULL,
  `product_id` int(11) NOT NULL,
  `username` varchar(256) NOT NULL,
  `email` varchar(256) NOT NULL,
  `avatar` varchar(256) NOT NULL,
  `comment` varchar(1024) NOT NULL
) ENGINE=InnoDB DEFAULT CHARSET=utf8;

--
-- Дамп данных таблицы `comments`
--

INSERT INTO `comments` (`id`, `product_id`, `username`, `email`, `avatar`, `comment`) VALUES
(1, 3231, 'Sheroz', 'zoidov01@inbox.ru', '/frontend/img/avatar.jpg', 'sdfwef ewfewf regerdd ew werf ef wer rg wer'),
(2, 3231, 'Vanna', 'hhh@hhh.com', '/frontend/img/avatar.jpg', 'Cool loook');

-- --------------------------------------------------------

--
-- Структура таблицы `delivery`
--

CREATE TABLE `delivery` (
  `id` int(11) NOT NULL,
  `title` varchar(64) COLLATE utf8mb4_unicode_ci NOT NULL,
  `code` varchar(64) COLLATE utf8mb4_unicode_ci NOT NULL,
  `priority` int(11) NOT NULL
) ENGINE=InnoDB DEFAULT CHARSET=utf8mb4 COLLATE=utf8mb4_unicode_ci;

-- --------------------------------------------------------

--
-- Структура таблицы `news`
--

CREATE TABLE `news` (
  `id` int(11) NOT NULL,
  `title` varchar(255) COLLATE utf8mb4_unicode_ci NOT NULL,
  `content` text COLLATE utf8mb4_unicode_ci NOT NULL,
  `created` datetime NOT NULL
) ENGINE=InnoDB DEFAULT CHARSET=utf8mb4 COLLATE=utf8mb4_unicode_ci;

--
-- Дамп данных таблицы `news`
--

INSERT INTO `news` (`id`, `title`, `content`, `created`) VALUES
(6, '1', '1rgerdfshser3', '2021-01-19 09:34:35'),
(7, '2', '1rgerdfshser3', '2021-01-19 09:34:35'),
(8, '3', '1rgerdfshser3', '2021-01-19 09:34:35'),
(9, '4', '1rgerdfshser3', '2021-01-19 09:34:35'),
(10, '5', '1rgerdfshser3', '2021-01-19 09:34:35'),
(11, '6', '1rgerdfshser3', '2021-01-19 09:34:35'),
(12, '7', '1rgerdfshser3', '2021-01-19 09:34:35'),
(13, '8', '1rgerdfshser3', '2021-01-19 09:34:35'),
(14, '9', '1rgerdfshser3', '2021-01-19 09:34:35'),
(15, '10', '1rgerdfshser3', '2021-01-19 09:34:35');

-- --------------------------------------------------------

--
-- Структура таблицы `orders`
--

CREATE TABLE `orders` (
  `id` int(11) NOT NULL,
  `user_id` int(11) DEFAULT NULL,
  `total` int(11) NOT NULL,
  `payment_id` int(11) NOT NULL,
  `delivery_id` int(11) NOT NULL,
  `comment` varchar(256) DEFAULT NULL,
  `name` varchar(128) NOT NULL,
  `phone` varchar(128) NOT NULL,
  `email` varchar(128) NOT NULL,
  `status` smallint(6) DEFAULT NULL,
  `created` datetime DEFAULT NULL,
  `updated` datetime DEFAULT NULL
) ENGINE=InnoDB DEFAULT CHARSET=utf8;

--
-- Дамп данных таблицы `orders`
--

INSERT INTO `orders` (`id`, `user_id`, `total`, `payment_id`, `delivery_id`, `comment`, `name`, `phone`, `email`, `status`, `created`, `updated`) VALUES
(1, 1, 0, 2, 2, 'fgbfgfg', 'erergerg', '+992907512480', 'kuvaroma@gmail.com', 0, '2021-02-27 19:54:34', '2021-03-02 15:04:10'),
(2, 1, 0, 0, 0, 'fgbfgfg', 'weerw', '+992907512480', 'kuvaroma@gmail.com', 0, '2021-02-27 19:57:47', '2021-03-02 15:03:46'),
(3, 1, 0, 2, 2, 'fgbfgfg', 'erergerg', '+992907512480', 'kuvaroma@gmail.com', 0, '2021-02-27 20:01:45', '2021-02-27 20:01:45'),
(13, 1, 0, 2, 2, 'dgdge', 'erergerg', '+992907512480', 'kuvaroma@gmail.com', 0, '2021-02-27 20:21:25', '2021-02-27 20:21:25'),
(14, 1, 0, 2, 2, 'dgdge', 'erergerg', '+992907512480', 'kuvaroma@gmail.com', 0, '2021-02-27 20:25:01', '2021-02-27 20:25:01'),
(15, 1, 0, 2, 2, 'dgdge', 'erergerg', '+992907512480', 'kuvaroma@gmail.com', 0, '2021-02-27 20:27:04', '2021-02-27 20:27:04'),
(16, 1, 0, 2, 2, 'ergerg', 'erergerg', '+992907512480', 'kuvaroma@gmail.com', 0, '2021-02-27 20:43:48', '2021-02-27 20:43:48'),
(17, 1, 0, 2, 2, 'ergerg', 'erergerg', '+992907512480', 'kuvaroma@gmail.com', 0, '2021-02-27 20:48:40', '2021-02-27 20:48:40'),
(18, 1, 0, 2, 2, 'ergerg', 'erergerg', '+992907512480', 'kuvaroma@gmail.com', 0, '2021-02-27 20:49:35', '2021-02-27 20:49:35'),
(19, 1, 0, 2, 2, 'ergerg', 'erergerg', '+992907512480', 'kuvaroma@gmail.com', 0, '2021-02-27 20:50:51', '2021-02-27 20:50:51'),
(20, 1, 0, 2, 2, 'ergerg', 'erergerg', '+992907512480', 'kuvaroma@gmail.com', 0, '2021-02-27 20:52:21', '2021-02-27 20:52:21'),
(21, 1, 0, 2, 2, 'ergerg', 'erergerg', '+992907512480', 'kuvaroma@gmail.com', 0, '2021-02-27 20:52:38', '2021-02-27 20:52:38'),
(22, 1, 0, 2, 2, 'ergerg', 'erergerg', '+992907512480', 'kuvaroma@gmail.com', 0, '2021-02-27 20:52:58', '2021-02-27 20:52:58'),
(23, 1, 0, 2, 2, 'ergerg', 'erergerg', '+992907512480', 'kuvaroma@gmail.com', 0, '2021-02-27 20:53:44', '2021-02-27 20:53:44'),
(24, 1, 0, 2, 2, 'ergerg', 'erergerg', '+992907512480', 'kuvaroma@gmail.com', 0, '2021-02-27 20:54:00', '2021-02-27 20:54:00'),
(25, 1, 0, 2, 2, 'ergerg', 'erergerg', '+992907512480', 'kuvaroma@gmail.com', 0, '2021-02-27 20:54:19', '2021-02-27 20:54:19'),
(26, 1, 0, 1, 1, '  ddd', 'erergerg', '+992907512480', 'kuvaroma@gmail.com', 0, '2021-02-27 21:00:10', '2021-02-27 21:00:10'),
(27, 1, 0, 1, 1, 'маа', 'erergerg', '+992907512480', 'kuvaroma@gmail.com', 0, '2021-02-28 11:03:41', '2021-02-28 11:03:41'),
(28, 1, 0, 1, 1, 'ccvc', 'erergerg', '+992907512480', 'kuvaroma@gmail.com', 0, '2021-02-28 11:59:24', '2021-02-28 11:59:24'),
(29, 1, 0, 2, 1, 'efwefwef', 'erergerg', '+992907512480', 'kuvaroma@gmail.com', 0, '2021-02-28 12:05:59', '2021-02-28 12:05:59'),
(30, 1, 0, 2, 1, 'erer', 'erergerg', '+992907512480', 'kuvaroma@gmail.com', 0, '2021-03-01 19:11:49', '2021-03-01 19:11:49'),
(31, 1, 0, 2, 1, 'erer', 'erergerg', '+992907512480', 'kuvaroma@gmail.com', 0, '2021-03-01 19:15:31', '2021-03-01 19:15:31'),
(32, 1, 0, 2, 2, 'fghf', 'erergerg', '+992907512480', 'kuvaroma@gmail.com', 0, '2021-03-03 12:18:31', '2021-03-03 12:18:31'),
(33, 2, 0, 2, 2, 'rtg', 'dg', '5434', 'gfh@gfh.gg', 0, '2021-03-05 21:05:47', '2021-03-05 21:05:47'),
(34, 2, 0, 1, 1, '', 'Abdurasul', '+992919516111', 'kuvaroma@gmail.com', 0, '2021-03-13 19:53:33', '2021-03-13 19:53:33'),
(35, 1, 0, 1, 1, 'd', 'ddd', '222', 'kuvaroma@gmail.com', 0, '2021-03-21 08:12:16', '2021-03-21 08:12:16'),
(36, 1, 0, 1, 1, 'd', 'ddd', '222', 'kuvaroma@gmail.com', 0, '2021-03-21 08:17:54', '2021-03-21 08:17:54');

-- --------------------------------------------------------

--
-- Структура таблицы `order_item`
--

CREATE TABLE `order_item` (
  `id` int(11) NOT NULL,
  `order_id` int(11) NOT NULL,
  `product_id` int(11) NOT NULL,
  `quantity` int(11) NOT NULL DEFAULT 1
) ENGINE=InnoDB DEFAULT CHARSET=utf8;

--
-- Дамп данных таблицы `order_item`
--

INSERT INTO `order_item` (`id`, `order_id`, `product_id`, `quantity`) VALUES
(1, 26, 105, 1),
(2, 27, 105, 1),
(3, 28, 105, 1),
(4, 29, 105, 1),
(5, 31, 105, 1),
(6, 32, 105, 3),
(7, 33, 105, 1),
(8, 34, 105, 4),
(9, 35, 105, 1),
(10, 36, 105, 1);

-- --------------------------------------------------------

--
-- Структура таблицы `payment`
--

CREATE TABLE `payment` (
  `id` int(11) NOT NULL,
  `title` varchar(64) COLLATE utf8mb4_unicode_ci NOT NULL,
  `code` varchar(64) COLLATE utf8mb4_unicode_ci NOT NULL,
  `priority` int(11) NOT NULL
) ENGINE=InnoDB DEFAULT CHARSET=utf8mb4 COLLATE=utf8mb4_unicode_ci;

-- --------------------------------------------------------

--
-- Структура таблицы `products`
--

CREATE TABLE `products` (
  `id` int(11) NOT NULL,
  `title` varchar(255) DEFAULT NULL,
  `picture` varchar(127) DEFAULT NULL,
  `preview` varchar(511) DEFAULT NULL,
  `content` text DEFAULT NULL,
  `price` int(11) DEFAULT NULL,
  `status` int(11) DEFAULT NULL,
  `created` datetime DEFAULT NULL,
  `updated` datetime DEFAULT NULL
) ENGINE=InnoDB DEFAULT CHARSET=utf8;

--
-- Дамп данных таблицы `products`
--

INSERT INTO `products` (`id`, `title`, `picture`, `preview`, `content`, `price`, `status`, `created`, `updated`) VALUES
(107, 'TEST -ov', '58327d31ad162a54dca98a36dd06e9a857.jpg', 'TEDDDT-ov tu ado mn bac', 'xscaca dccwec wewcsc sdc sd csdx dsc sxscaca dccwec wewcsc sdc sd csdx dsc sxscaca dccwec wewcsc sdc sd csdx dsc sxscaca dccwec wewcsc sdc sd csdx dsc sxscaca dccwec wewcsc sdc sd csdx dsc sxscaca dccwec wewcsc sdc sd csdx dsc sxscaca dccwec wewcsc sdc sd csdx dsc sxscaca dccwec wewcsc sdc sd csdx dsc sxscaca dccwec wewcsc sdc sd csdx dsc s', 520, 1, '2021-03-21 23:23:30', '2021-03-21 23:23:30'),
(108, 'TEST -ov she', 'f4437012b7f7ee2cf9d0810c18c1d05690.jpg', 'asd123123edwe dw ewew cwe cwecwc wexscaca dccwec wewcsc sdc sd csdx dsc s', 'xscaca dccwec wewcsc sdc sd csdx dsc sxscaca dccwec wewcsc sdc sd csdx dsc sxscaca dccwec wewcsc sdc sd csdx dsc sxscaca dccwec wewcsc sdc sd csdx dsc sxscaca dccwec wewcsc sdc sd csdx dsc sxscaca dccwec wewcsc sdc sd csdx dsc sxscaca dccwec wewcsc sdc sd csdx dsc sxscaca dccwec wewcsc sdc sd csdx dsc sxscaca dccwec wewcsc sdc sd csdx dsc sxscaca dccwec wewcsc sdc sd csdx dsc s', 5431, 12, '2021-03-21 23:24:31', '2021-03-21 23:24:31'),
(109, 'TEST -ov', '58327d31ad162a54dca98a36dd06e9a857.jpg', 'TEDDDT-ov tu ado mn bac', 'xscaca dccwec wewcsc sdc sd csdx dsc sxscaca dccwec wewcsc sdc sd csdx dsc sxscaca dccwec wewcsc sdc sd csdx dsc sxscaca dccwec wewcsc sdc sd csdx dsc sxscaca dccwec wewcsc sdc sd csdx dsc sxscaca dccwec wewcsc sdc sd csdx dsc sxscaca dccwec wewcsc sdc sd csdx dsc sxscaca dccwec wewcsc sdc sd csdx dsc sxscaca dccwec wewcsc sdc sd csdx dsc s', 520, 1, '2021-03-21 23:23:30', '2021-03-21 23:23:30'),
(110, 'TEST -ov she', 'f4437012b7f7ee2cf9d0810c18c1d05690.jpg', 'asd123123edwe dw ewew cwe cwecwc wexscaca dccwec wewcsc sdc sd csdx dsc s', 'xscaca dccwec wewcsc sdc sd csdx dsc sxscaca dccwec wewcsc sdc sd csdx dsc sxscaca dccwec wewcsc sdc sd csdx dsc sxscaca dccwec wewcsc sdc sd csdx dsc sxscaca dccwec wewcsc sdc sd csdx dsc sxscaca dccwec wewcsc sdc sd csdx dsc sxscaca dccwec wewcsc sdc sd csdx dsc sxscaca dccwec wewcsc sdc sd csdx dsc sxscaca dccwec wewcsc sdc sd csdx dsc sxscaca dccwec wewcsc sdc sd csdx dsc s', 5431, 12, '2021-03-21 23:24:31', '2021-03-21 23:24:31'),
(112, 'TEST -ov', '58327d31ad162a54dca98a36dd06e9a857.jpg', 'TEDDDT-ov tu ado mn bac', 'xscaca dccwec wewcsc sdc sd csdx dsc sxscaca dccwec wewcsc sdc sd csdx dsc sxscaca dccwec wewcsc sdc sd csdx dsc sxscaca dccwec wewcsc sdc sd csdx dsc sxscaca dccwec wewcsc sdc sd csdx dsc sxscaca dccwec wewcsc sdc sd csdx dsc sxscaca dccwec wewcsc sdc sd csdx dsc sxscaca dccwec wewcsc sdc sd csdx dsc sxscaca dccwec wewcsc sdc sd csdx dsc s', 520, 1, '2021-03-21 23:23:30', '2021-03-21 23:23:30'),
(113, 'TEST -ov she', 'f4437012b7f7ee2cf9d0810c18c1d05690.jpg', 'asd123123edwe dw ewew cwe cwecwc wexscaca dccwec wewcsc sdc sd csdx dsc s', 'xscaca dccwec wewcsc sdc sd csdx dsc sxscaca dccwec wewcsc sdc sd csdx dsc sxscaca dccwec wewcsc sdc sd csdx dsc sxscaca dccwec wewcsc sdc sd csdx dsc sxscaca dccwec wewcsc sdc sd csdx dsc sxscaca dccwec wewcsc sdc sd csdx dsc sxscaca dccwec wewcsc sdc sd csdx dsc sxscaca dccwec wewcsc sdc sd csdx dsc sxscaca dccwec wewcsc sdc sd csdx dsc sxscaca dccwec wewcsc sdc sd csdx dsc s', 5431, 12, '2021-03-21 23:24:31', '2021-03-21 23:24:31'),
(114, 'TEST -ov', '58327d31ad162a54dca98a36dd06e9a857.jpg', 'TEDDDT-ov tu ado mn bac', 'xscaca dccwec wewcsc sdc sd csdx dsc sxscaca dccwec wewcsc sdc sd csdx dsc sxscaca dccwec wewcsc sdc sd csdx dsc sxscaca dccwec wewcsc sdc sd csdx dsc sxscaca dccwec wewcsc sdc sd csdx dsc sxscaca dccwec wewcsc sdc sd csdx dsc sxscaca dccwec wewcsc sdc sd csdx dsc sxscaca dccwec wewcsc sdc sd csdx dsc sxscaca dccwec wewcsc sdc sd csdx dsc s', 520, 1, '2021-03-21 23:23:30', '2021-03-21 23:23:30'),
(115, 'TEST -ov she', 'f4437012b7f7ee2cf9d0810c18c1d05690.jpg', 'asd123123edwe dw ewew cwe cwecwc wexscaca dccwec wewcsc sdc sd csdx dsc s', 'xscaca dccwec wewcsc sdc sd csdx dsc sxscaca dccwec wewcsc sdc sd csdx dsc sxscaca dccwec wewcsc sdc sd csdx dsc sxscaca dccwec wewcsc sdc sd csdx dsc sxscaca dccwec wewcsc sdc sd csdx dsc sxscaca dccwec wewcsc sdc sd csdx dsc sxscaca dccwec wewcsc sdc sd csdx dsc sxscaca dccwec wewcsc sdc sd csdx dsc sxscaca dccwec wewcsc sdc sd csdx dsc sxscaca dccwec wewcsc sdc sd csdx dsc s', 5431, 12, '2021-03-21 23:24:31', '2021-03-21 23:24:31'),
(119, 'TEST -ov', '58327d31ad162a54dca98a36dd06e9a857.jpg', 'TEDDDT-ov tu ado mn bac', 'xscaca dccwec wewcsc sdc sd csdx dsc sxscaca dccwec wewcsc sdc sd csdx dsc sxscaca dccwec wewcsc sdc sd csdx dsc sxscaca dccwec wewcsc sdc sd csdx dsc sxscaca dccwec wewcsc sdc sd csdx dsc sxscaca dccwec wewcsc sdc sd csdx dsc sxscaca dccwec wewcsc sdc sd csdx dsc sxscaca dccwec wewcsc sdc sd csdx dsc sxscaca dccwec wewcsc sdc sd csdx dsc s', 520, 1, '2021-03-21 23:23:30', '2021-03-21 23:23:30'),
(120, 'TEST -ov she', 'f4437012b7f7ee2cf9d0810c18c1d05690.jpg', 'asd123123edwe dw ewew cwe cwecwc wexscaca dccwec wewcsc sdc sd csdx dsc s', 'xscaca dccwec wewcsc sdc sd csdx dsc sxscaca dccwec wewcsc sdc sd csdx dsc sxscaca dccwec wewcsc sdc sd csdx dsc sxscaca dccwec wewcsc sdc sd csdx dsc sxscaca dccwec wewcsc sdc sd csdx dsc sxscaca dccwec wewcsc sdc sd csdx dsc sxscaca dccwec wewcsc sdc sd csdx dsc sxscaca dccwec wewcsc sdc sd csdx dsc sxscaca dccwec wewcsc sdc sd csdx dsc sxscaca dccwec wewcsc sdc sd csdx dsc s', 5431, 12, '2021-03-21 23:24:31', '2021-03-21 23:24:31'),
(121, 'TEST -ov', '58327d31ad162a54dca98a36dd06e9a857.jpg', 'TEDDDT-ov tu ado mn bac', 'xscaca dccwec wewcsc sdc sd csdx dsc sxscaca dccwec wewcsc sdc sd csdx dsc sxscaca dccwec wewcsc sdc sd csdx dsc sxscaca dccwec wewcsc sdc sd csdx dsc sxscaca dccwec wewcsc sdc sd csdx dsc sxscaca dccwec wewcsc sdc sd csdx dsc sxscaca dccwec wewcsc sdc sd csdx dsc sxscaca dccwec wewcsc sdc sd csdx dsc sxscaca dccwec wewcsc sdc sd csdx dsc s', 520, 1, '2021-03-21 23:23:30', '2021-03-21 23:23:30'),
(122, 'TEST -ov she', 'f4437012b7f7ee2cf9d0810c18c1d05690.jpg', 'asd123123edwe dw ewew cwe cwecwc wexscaca dccwec wewcsc sdc sd csdx dsc s', 'xscaca dccwec wewcsc sdc sd csdx dsc sxscaca dccwec wewcsc sdc sd csdx dsc sxscaca dccwec wewcsc sdc sd csdx dsc sxscaca dccwec wewcsc sdc sd csdx dsc sxscaca dccwec wewcsc sdc sd csdx dsc sxscaca dccwec wewcsc sdc sd csdx dsc sxscaca dccwec wewcsc sdc sd csdx dsc sxscaca dccwec wewcsc sdc sd csdx dsc sxscaca dccwec wewcsc sdc sd csdx dsc sxscaca dccwec wewcsc sdc sd csdx dsc s', 5431, 12, '2021-03-21 23:24:31', '2021-03-21 23:24:31'),
(123, 'TEST -ov', '58327d31ad162a54dca98a36dd06e9a857.jpg', 'TEDDDT-ov tu ado mn bac', 'xscaca dccwec wewcsc sdc sd csdx dsc sxscaca dccwec wewcsc sdc sd csdx dsc sxscaca dccwec wewcsc sdc sd csdx dsc sxscaca dccwec wewcsc sdc sd csdx dsc sxscaca dccwec wewcsc sdc sd csdx dsc sxscaca dccwec wewcsc sdc sd csdx dsc sxscaca dccwec wewcsc sdc sd csdx dsc sxscaca dccwec wewcsc sdc sd csdx dsc sxscaca dccwec wewcsc sdc sd csdx dsc s', 520, 1, '2021-03-21 23:23:30', '2021-03-21 23:23:30'),
(124, 'TEST -ov she', 'f4437012b7f7ee2cf9d0810c18c1d05690.jpg', 'asd123123edwe dw ewew cwe cwecwc wexscaca dccwec wewcsc sdc sd csdx dsc s', 'xscaca dccwec wewcsc sdc sd csdx dsc sxscaca dccwec wewcsc sdc sd csdx dsc sxscaca dccwec wewcsc sdc sd csdx dsc sxscaca dccwec wewcsc sdc sd csdx dsc sxscaca dccwec wewcsc sdc sd csdx dsc sxscaca dccwec wewcsc sdc sd csdx dsc sxscaca dccwec wewcsc sdc sd csdx dsc sxscaca dccwec wewcsc sdc sd csdx dsc sxscaca dccwec wewcsc sdc sd csdx dsc sxscaca dccwec wewcsc sdc sd csdx dsc s', 5431, 12, '2021-03-21 23:24:31', '2021-03-21 23:24:31'),
(125, 'TEST -ov', '58327d31ad162a54dca98a36dd06e9a857.jpg', 'TEDDDT-ov tu ado mn bac', 'xscaca dccwec wewcsc sdc sd csdx dsc sxscaca dccwec wewcsc sdc sd csdx dsc sxscaca dccwec wewcsc sdc sd csdx dsc sxscaca dccwec wewcsc sdc sd csdx dsc sxscaca dccwec wewcsc sdc sd csdx dsc sxscaca dccwec wewcsc sdc sd csdx dsc sxscaca dccwec wewcsc sdc sd csdx dsc sxscaca dccwec wewcsc sdc sd csdx dsc sxscaca dccwec wewcsc sdc sd csdx dsc s', 520, 1, '2021-03-21 23:23:30', '2021-03-21 23:23:30'),
(126, 'TEST -ov she', 'f4437012b7f7ee2cf9d0810c18c1d05690.jpg', 'asd123123edwe dw ewew cwe cwecwc wexscaca dccwec wewcsc sdc sd csdx dsc s', 'xscaca dccwec wewcsc sdc sd csdx dsc sxscaca dccwec wewcsc sdc sd csdx dsc sxscaca dccwec wewcsc sdc sd csdx dsc sxscaca dccwec wewcsc sdc sd csdx dsc sxscaca dccwec wewcsc sdc sd csdx dsc sxscaca dccwec wewcsc sdc sd csdx dsc sxscaca dccwec wewcsc sdc sd csdx dsc sxscaca dccwec wewcsc sdc sd csdx dsc sxscaca dccwec wewcsc sdc sd csdx dsc sxscaca dccwec wewcsc sdc sd csdx dsc s', 5431, 12, '2021-03-21 23:24:31', '2021-03-21 23:24:31'),
(134, 'TEST -ov', '58327d31ad162a54dca98a36dd06e9a857.jpg', 'TEDDDT-ov tu ado mn bac', 'xscaca dccwec wewcsc sdc sd csdx dsc sxscaca dccwec wewcsc sdc sd csdx dsc sxscaca dccwec wewcsc sdc sd csdx dsc sxscaca dccwec wewcsc sdc sd csdx dsc sxscaca dccwec wewcsc sdc sd csdx dsc sxscaca dccwec wewcsc sdc sd csdx dsc sxscaca dccwec wewcsc sdc sd csdx dsc sxscaca dccwec wewcsc sdc sd csdx dsc sxscaca dccwec wewcsc sdc sd csdx dsc s', 520, 1, '2021-03-21 23:23:30', '2021-03-21 23:23:30'),
(135, 'TEST -ov she', 'f4437012b7f7ee2cf9d0810c18c1d05690.jpg', 'asd123123edwe dw ewew cwe cwecwc wexscaca dccwec wewcsc sdc sd csdx dsc s', 'xscaca dccwec wewcsc sdc sd csdx dsc sxscaca dccwec wewcsc sdc sd csdx dsc sxscaca dccwec wewcsc sdc sd csdx dsc sxscaca dccwec wewcsc sdc sd csdx dsc sxscaca dccwec wewcsc sdc sd csdx dsc sxscaca dccwec wewcsc sdc sd csdx dsc sxscaca dccwec wewcsc sdc sd csdx dsc sxscaca dccwec wewcsc sdc sd csdx dsc sxscaca dccwec wewcsc sdc sd csdx dsc sxscaca dccwec wewcsc sdc sd csdx dsc s', 5431, 12, '2021-03-21 23:24:31', '2021-03-21 23:24:31'),
(136, 'TEST -ov', '58327d31ad162a54dca98a36dd06e9a857.jpg', 'TEDDDT-ov tu ado mn bac', 'xscaca dccwec wewcsc sdc sd csdx dsc sxscaca dccwec wewcsc sdc sd csdx dsc sxscaca dccwec wewcsc sdc sd csdx dsc sxscaca dccwec wewcsc sdc sd csdx dsc sxscaca dccwec wewcsc sdc sd csdx dsc sxscaca dccwec wewcsc sdc sd csdx dsc sxscaca dccwec wewcsc sdc sd csdx dsc sxscaca dccwec wewcsc sdc sd csdx dsc sxscaca dccwec wewcsc sdc sd csdx dsc s', 520, 1, '2021-03-21 23:23:30', '2021-03-21 23:23:30'),
(137, 'TEST -ov she', 'f4437012b7f7ee2cf9d0810c18c1d05690.jpg', 'asd123123edwe dw ewew cwe cwecwc wexscaca dccwec wewcsc sdc sd csdx dsc s', 'xscaca dccwec wewcsc sdc sd csdx dsc sxscaca dccwec wewcsc sdc sd csdx dsc sxscaca dccwec wewcsc sdc sd csdx dsc sxscaca dccwec wewcsc sdc sd csdx dsc sxscaca dccwec wewcsc sdc sd csdx dsc sxscaca dccwec wewcsc sdc sd csdx dsc sxscaca dccwec wewcsc sdc sd csdx dsc sxscaca dccwec wewcsc sdc sd csdx dsc sxscaca dccwec wewcsc sdc sd csdx dsc sxscaca dccwec wewcsc sdc sd csdx dsc s', 5431, 12, '2021-03-21 23:24:31', '2021-03-21 23:24:31'),
(138, 'TEST -ov', '58327d31ad162a54dca98a36dd06e9a857.jpg', 'TEDDDT-ov tu ado mn bac', 'xscaca dccwec wewcsc sdc sd csdx dsc sxscaca dccwec wewcsc sdc sd csdx dsc sxscaca dccwec wewcsc sdc sd csdx dsc sxscaca dccwec wewcsc sdc sd csdx dsc sxscaca dccwec wewcsc sdc sd csdx dsc sxscaca dccwec wewcsc sdc sd csdx dsc sxscaca dccwec wewcsc sdc sd csdx dsc sxscaca dccwec wewcsc sdc sd csdx dsc sxscaca dccwec wewcsc sdc sd csdx dsc s', 520, 1, '2021-03-21 23:23:30', '2021-03-21 23:23:30'),
(139, 'TEST -ov she', 'f4437012b7f7ee2cf9d0810c18c1d05690.jpg', 'asd123123edwe dw ewew cwe cwecwc wexscaca dccwec wewcsc sdc sd csdx dsc s', 'xscaca dccwec wewcsc sdc sd csdx dsc sxscaca dccwec wewcsc sdc sd csdx dsc sxscaca dccwec wewcsc sdc sd csdx dsc sxscaca dccwec wewcsc sdc sd csdx dsc sxscaca dccwec wewcsc sdc sd csdx dsc sxscaca dccwec wewcsc sdc sd csdx dsc sxscaca dccwec wewcsc sdc sd csdx dsc sxscaca dccwec wewcsc sdc sd csdx dsc sxscaca dccwec wewcsc sdc sd csdx dsc sxscaca dccwec wewcsc sdc sd csdx dsc s', 5431, 12, '2021-03-21 23:24:31', '2021-03-21 23:24:31'),
(140, 'TEST -ov', '58327d31ad162a54dca98a36dd06e9a857.jpg', 'TEDDDT-ov tu ado mn bac', 'xscaca dccwec wewcsc sdc sd csdx dsc sxscaca dccwec wewcsc sdc sd csdx dsc sxscaca dccwec wewcsc sdc sd csdx dsc sxscaca dccwec wewcsc sdc sd csdx dsc sxscaca dccwec wewcsc sdc sd csdx dsc sxscaca dccwec wewcsc sdc sd csdx dsc sxscaca dccwec wewcsc sdc sd csdx dsc sxscaca dccwec wewcsc sdc sd csdx dsc sxscaca dccwec wewcsc sdc sd csdx dsc s', 520, 1, '2021-03-21 23:23:30', '2021-03-21 23:23:30'),
(141, 'TEST -ov she', 'f4437012b7f7ee2cf9d0810c18c1d05690.jpg', 'asd123123edwe dw ewew cwe cwecwc wexscaca dccwec wewcsc sdc sd csdx dsc s', 'xscaca dccwec wewcsc sdc sd csdx dsc sxscaca dccwec wewcsc sdc sd csdx dsc sxscaca dccwec wewcsc sdc sd csdx dsc sxscaca dccwec wewcsc sdc sd csdx dsc sxscaca dccwec wewcsc sdc sd csdx dsc sxscaca dccwec wewcsc sdc sd csdx dsc sxscaca dccwec wewcsc sdc sd csdx dsc sxscaca dccwec wewcsc sdc sd csdx dsc sxscaca dccwec wewcsc sdc sd csdx dsc sxscaca dccwec wewcsc sdc sd csdx dsc s', 5431, 12, '2021-03-21 23:24:31', '2021-03-21 23:24:31'),
(142, 'TEST -ov', '58327d31ad162a54dca98a36dd06e9a857.jpg', 'TEDDDT-ov tu ado mn bac', 'xscaca dccwec wewcsc sdc sd csdx dsc sxscaca dccwec wewcsc sdc sd csdx dsc sxscaca dccwec wewcsc sdc sd csdx dsc sxscaca dccwec wewcsc sdc sd csdx dsc sxscaca dccwec wewcsc sdc sd csdx dsc sxscaca dccwec wewcsc sdc sd csdx dsc sxscaca dccwec wewcsc sdc sd csdx dsc sxscaca dccwec wewcsc sdc sd csdx dsc sxscaca dccwec wewcsc sdc sd csdx dsc s', 520, 1, '2021-03-21 23:23:30', '2021-03-21 23:23:30'),
(143, 'TEST -ov she', 'f4437012b7f7ee2cf9d0810c18c1d05690.jpg', 'asd123123edwe dw ewew cwe cwecwc wexscaca dccwec wewcsc sdc sd csdx dsc s', 'xscaca dccwec wewcsc sdc sd csdx dsc sxscaca dccwec wewcsc sdc sd csdx dsc sxscaca dccwec wewcsc sdc sd csdx dsc sxscaca dccwec wewcsc sdc sd csdx dsc sxscaca dccwec wewcsc sdc sd csdx dsc sxscaca dccwec wewcsc sdc sd csdx dsc sxscaca dccwec wewcsc sdc sd csdx dsc sxscaca dccwec wewcsc sdc sd csdx dsc sxscaca dccwec wewcsc sdc sd csdx dsc sxscaca dccwec wewcsc sdc sd csdx dsc s', 5431, 12, '2021-03-21 23:24:31', '2021-03-21 23:24:31'),
(144, 'TEST -ov', '58327d31ad162a54dca98a36dd06e9a857.jpg', 'TEDDDT-ov tu ado mn bac', 'xscaca dccwec wewcsc sdc sd csdx dsc sxscaca dccwec wewcsc sdc sd csdx dsc sxscaca dccwec wewcsc sdc sd csdx dsc sxscaca dccwec wewcsc sdc sd csdx dsc sxscaca dccwec wewcsc sdc sd csdx dsc sxscaca dccwec wewcsc sdc sd csdx dsc sxscaca dccwec wewcsc sdc sd csdx dsc sxscaca dccwec wewcsc sdc sd csdx dsc sxscaca dccwec wewcsc sdc sd csdx dsc s', 520, 1, '2021-03-21 23:23:30', '2021-03-21 23:23:30'),
(145, 'TEST -ov she', 'f4437012b7f7ee2cf9d0810c18c1d05690.jpg', 'asd123123edwe dw ewew cwe cwecwc wexscaca dccwec wewcsc sdc sd csdx dsc s', 'xscaca dccwec wewcsc sdc sd csdx dsc sxscaca dccwec wewcsc sdc sd csdx dsc sxscaca dccwec wewcsc sdc sd csdx dsc sxscaca dccwec wewcsc sdc sd csdx dsc sxscaca dccwec wewcsc sdc sd csdx dsc sxscaca dccwec wewcsc sdc sd csdx dsc sxscaca dccwec wewcsc sdc sd csdx dsc sxscaca dccwec wewcsc sdc sd csdx dsc sxscaca dccwec wewcsc sdc sd csdx dsc sxscaca dccwec wewcsc sdc sd csdx dsc s', 5431, 12, '2021-03-21 23:24:31', '2021-03-21 23:24:31'),
(146, 'TEST -ov', '58327d31ad162a54dca98a36dd06e9a857.jpg', 'TEDDDT-ov tu ado mn bac', 'xscaca dccwec wewcsc sdc sd csdx dsc sxscaca dccwec wewcsc sdc sd csdx dsc sxscaca dccwec wewcsc sdc sd csdx dsc sxscaca dccwec wewcsc sdc sd csdx dsc sxscaca dccwec wewcsc sdc sd csdx dsc sxscaca dccwec wewcsc sdc sd csdx dsc sxscaca dccwec wewcsc sdc sd csdx dsc sxscaca dccwec wewcsc sdc sd csdx dsc sxscaca dccwec wewcsc sdc sd csdx dsc s', 520, 1, '2021-03-21 23:23:30', '2021-03-21 23:23:30'),
(147, 'TEST -ov she', 'f4437012b7f7ee2cf9d0810c18c1d05690.jpg', 'asd123123edwe dw ewew cwe cwecwc wexscaca dccwec wewcsc sdc sd csdx dsc s', 'xscaca dccwec wewcsc sdc sd csdx dsc sxscaca dccwec wewcsc sdc sd csdx dsc sxscaca dccwec wewcsc sdc sd csdx dsc sxscaca dccwec wewcsc sdc sd csdx dsc sxscaca dccwec wewcsc sdc sd csdx dsc sxscaca dccwec wewcsc sdc sd csdx dsc sxscaca dccwec wewcsc sdc sd csdx dsc sxscaca dccwec wewcsc sdc sd csdx dsc sxscaca dccwec wewcsc sdc sd csdx dsc sxscaca dccwec wewcsc sdc sd csdx dsc s', 5431, 12, '2021-03-21 23:24:31', '2021-03-21 23:24:31'),
(148, 'TEST -ov', '58327d31ad162a54dca98a36dd06e9a857.jpg', 'TEDDDT-ov tu ado mn bac', 'xscaca dccwec wewcsc sdc sd csdx dsc sxscaca dccwec wewcsc sdc sd csdx dsc sxscaca dccwec wewcsc sdc sd csdx dsc sxscaca dccwec wewcsc sdc sd csdx dsc sxscaca dccwec wewcsc sdc sd csdx dsc sxscaca dccwec wewcsc sdc sd csdx dsc sxscaca dccwec wewcsc sdc sd csdx dsc sxscaca dccwec wewcsc sdc sd csdx dsc sxscaca dccwec wewcsc sdc sd csdx dsc s', 520, 1, '2021-03-21 23:23:30', '2021-03-21 23:23:30'),
(149, 'TEST -ov she', 'f4437012b7f7ee2cf9d0810c18c1d05690.jpg', 'asd123123edwe dw ewew cwe cwecwc wexscaca dccwec wewcsc sdc sd csdx dsc s', 'xscaca dccwec wewcsc sdc sd csdx dsc sxscaca dccwec wewcsc sdc sd csdx dsc sxscaca dccwec wewcsc sdc sd csdx dsc sxscaca dccwec wewcsc sdc sd csdx dsc sxscaca dccwec wewcsc sdc sd csdx dsc sxscaca dccwec wewcsc sdc sd csdx dsc sxscaca dccwec wewcsc sdc sd csdx dsc sxscaca dccwec wewcsc sdc sd csdx dsc sxscaca dccwec wewcsc sdc sd csdx dsc sxscaca dccwec wewcsc sdc sd csdx dsc s', 5431, 12, '2021-03-21 23:24:31', '2021-03-21 23:24:31'),
(165, 'TEST -ov', '58327d31ad162a54dca98a36dd06e9a857.jpg', 'TEDDDT-ov tu ado mn bac', 'xscaca dccwec wewcsc sdc sd csdx dsc sxscaca dccwec wewcsc sdc sd csdx dsc sxscaca dccwec wewcsc sdc sd csdx dsc sxscaca dccwec wewcsc sdc sd csdx dsc sxscaca dccwec wewcsc sdc sd csdx dsc sxscaca dccwec wewcsc sdc sd csdx dsc sxscaca dccwec wewcsc sdc sd csdx dsc sxscaca dccwec wewcsc sdc sd csdx dsc sxscaca dccwec wewcsc sdc sd csdx dsc s', 520, 1, '2021-03-21 23:23:30', '2021-03-21 23:23:30'),
(166, 'TEST -ov she', 'f4437012b7f7ee2cf9d0810c18c1d05690.jpg', 'asd123123edwe dw ewew cwe cwecwc wexscaca dccwec wewcsc sdc sd csdx dsc s', 'xscaca dccwec wewcsc sdc sd csdx dsc sxscaca dccwec wewcsc sdc sd csdx dsc sxscaca dccwec wewcsc sdc sd csdx dsc sxscaca dccwec wewcsc sdc sd csdx dsc sxscaca dccwec wewcsc sdc sd csdx dsc sxscaca dccwec wewcsc sdc sd csdx dsc sxscaca dccwec wewcsc sdc sd csdx dsc sxscaca dccwec wewcsc sdc sd csdx dsc sxscaca dccwec wewcsc sdc sd csdx dsc sxscaca dccwec wewcsc sdc sd csdx dsc s', 5431, 12, '2021-03-21 23:24:31', '2021-03-21 23:24:31'),
(167, 'TEST -ov', '58327d31ad162a54dca98a36dd06e9a857.jpg', 'TEDDDT-ov tu ado mn bac', 'xscaca dccwec wewcsc sdc sd csdx dsc sxscaca dccwec wewcsc sdc sd csdx dsc sxscaca dccwec wewcsc sdc sd csdx dsc sxscaca dccwec wewcsc sdc sd csdx dsc sxscaca dccwec wewcsc sdc sd csdx dsc sxscaca dccwec wewcsc sdc sd csdx dsc sxscaca dccwec wewcsc sdc sd csdx dsc sxscaca dccwec wewcsc sdc sd csdx dsc sxscaca dccwec wewcsc sdc sd csdx dsc s', 520, 1, '2021-03-21 23:23:30', '2021-03-21 23:23:30'),
(168, 'TEST -ov she', 'f4437012b7f7ee2cf9d0810c18c1d05690.jpg', 'asd123123edwe dw ewew cwe cwecwc wexscaca dccwec wewcsc sdc sd csdx dsc s', 'xscaca dccwec wewcsc sdc sd csdx dsc sxscaca dccwec wewcsc sdc sd csdx dsc sxscaca dccwec wewcsc sdc sd csdx dsc sxscaca dccwec wewcsc sdc sd csdx dsc sxscaca dccwec wewcsc sdc sd csdx dsc sxscaca dccwec wewcsc sdc sd csdx dsc sxscaca dccwec wewcsc sdc sd csdx dsc sxscaca dccwec wewcsc sdc sd csdx dsc sxscaca dccwec wewcsc sdc sd csdx dsc sxscaca dccwec wewcsc sdc sd csdx dsc s', 5431, 12, '2021-03-21 23:24:31', '2021-03-21 23:24:31'),
(169, 'TEST -ov', '58327d31ad162a54dca98a36dd06e9a857.jpg', 'TEDDDT-ov tu ado mn bac', 'xscaca dccwec wewcsc sdc sd csdx dsc sxscaca dccwec wewcsc sdc sd csdx dsc sxscaca dccwec wewcsc sdc sd csdx dsc sxscaca dccwec wewcsc sdc sd csdx dsc sxscaca dccwec wewcsc sdc sd csdx dsc sxscaca dccwec wewcsc sdc sd csdx dsc sxscaca dccwec wewcsc sdc sd csdx dsc sxscaca dccwec wewcsc sdc sd csdx dsc sxscaca dccwec wewcsc sdc sd csdx dsc s', 520, 1, '2021-03-21 23:23:30', '2021-03-21 23:23:30'),
(170, 'TEST -ov she', 'f4437012b7f7ee2cf9d0810c18c1d05690.jpg', 'asd123123edwe dw ewew cwe cwecwc wexscaca dccwec wewcsc sdc sd csdx dsc s', 'xscaca dccwec wewcsc sdc sd csdx dsc sxscaca dccwec wewcsc sdc sd csdx dsc sxscaca dccwec wewcsc sdc sd csdx dsc sxscaca dccwec wewcsc sdc sd csdx dsc sxscaca dccwec wewcsc sdc sd csdx dsc sxscaca dccwec wewcsc sdc sd csdx dsc sxscaca dccwec wewcsc sdc sd csdx dsc sxscaca dccwec wewcsc sdc sd csdx dsc sxscaca dccwec wewcsc sdc sd csdx dsc sxscaca dccwec wewcsc sdc sd csdx dsc s', 5431, 12, '2021-03-21 23:24:31', '2021-03-21 23:24:31'),
(171, 'TEST -ov', '58327d31ad162a54dca98a36dd06e9a857.jpg', 'TEDDDT-ov tu ado mn bac', 'xscaca dccwec wewcsc sdc sd csdx dsc sxscaca dccwec wewcsc sdc sd csdx dsc sxscaca dccwec wewcsc sdc sd csdx dsc sxscaca dccwec wewcsc sdc sd csdx dsc sxscaca dccwec wewcsc sdc sd csdx dsc sxscaca dccwec wewcsc sdc sd csdx dsc sxscaca dccwec wewcsc sdc sd csdx dsc sxscaca dccwec wewcsc sdc sd csdx dsc sxscaca dccwec wewcsc sdc sd csdx dsc s', 520, 1, '2021-03-21 23:23:30', '2021-03-21 23:23:30'),
(172, 'TEST -ov she', 'f4437012b7f7ee2cf9d0810c18c1d05690.jpg', 'asd123123edwe dw ewew cwe cwecwc wexscaca dccwec wewcsc sdc sd csdx dsc s', 'xscaca dccwec wewcsc sdc sd csdx dsc sxscaca dccwec wewcsc sdc sd csdx dsc sxscaca dccwec wewcsc sdc sd csdx dsc sxscaca dccwec wewcsc sdc sd csdx dsc sxscaca dccwec wewcsc sdc sd csdx dsc sxscaca dccwec wewcsc sdc sd csdx dsc sxscaca dccwec wewcsc sdc sd csdx dsc sxscaca dccwec wewcsc sdc sd csdx dsc sxscaca dccwec wewcsc sdc sd csdx dsc sxscaca dccwec wewcsc sdc sd csdx dsc s', 5431, 12, '2021-03-21 23:24:31', '2021-03-21 23:24:31'),
(173, 'TEST -ov', '58327d31ad162a54dca98a36dd06e9a857.jpg', 'TEDDDT-ov tu ado mn bac', 'xscaca dccwec wewcsc sdc sd csdx dsc sxscaca dccwec wewcsc sdc sd csdx dsc sxscaca dccwec wewcsc sdc sd csdx dsc sxscaca dccwec wewcsc sdc sd csdx dsc sxscaca dccwec wewcsc sdc sd csdx dsc sxscaca dccwec wewcsc sdc sd csdx dsc sxscaca dccwec wewcsc sdc sd csdx dsc sxscaca dccwec wewcsc sdc sd csdx dsc sxscaca dccwec wewcsc sdc sd csdx dsc s', 520, 1, '2021-03-21 23:23:30', '2021-03-21 23:23:30'),
(174, 'TEST -ov she', 'f4437012b7f7ee2cf9d0810c18c1d05690.jpg', 'asd123123edwe dw ewew cwe cwecwc wexscaca dccwec wewcsc sdc sd csdx dsc s', 'xscaca dccwec wewcsc sdc sd csdx dsc sxscaca dccwec wewcsc sdc sd csdx dsc sxscaca dccwec wewcsc sdc sd csdx dsc sxscaca dccwec wewcsc sdc sd csdx dsc sxscaca dccwec wewcsc sdc sd csdx dsc sxscaca dccwec wewcsc sdc sd csdx dsc sxscaca dccwec wewcsc sdc sd csdx dsc sxscaca dccwec wewcsc sdc sd csdx dsc sxscaca dccwec wewcsc sdc sd csdx dsc sxscaca dccwec wewcsc sdc sd csdx dsc s', 5431, 12, '2021-03-21 23:24:31', '2021-03-21 23:24:31'),
(175, 'TEST -ov', '58327d31ad162a54dca98a36dd06e9a857.jpg', 'TEDDDT-ov tu ado mn bac', 'xscaca dccwec wewcsc sdc sd csdx dsc sxscaca dccwec wewcsc sdc sd csdx dsc sxscaca dccwec wewcsc sdc sd csdx dsc sxscaca dccwec wewcsc sdc sd csdx dsc sxscaca dccwec wewcsc sdc sd csdx dsc sxscaca dccwec wewcsc sdc sd csdx dsc sxscaca dccwec wewcsc sdc sd csdx dsc sxscaca dccwec wewcsc sdc sd csdx dsc sxscaca dccwec wewcsc sdc sd csdx dsc s', 520, 1, '2021-03-21 23:23:30', '2021-03-21 23:23:30'),
(176, 'TEST -ov she', 'f4437012b7f7ee2cf9d0810c18c1d05690.jpg', 'asd123123edwe dw ewew cwe cwecwc wexscaca dccwec wewcsc sdc sd csdx dsc s', 'xscaca dccwec wewcsc sdc sd csdx dsc sxscaca dccwec wewcsc sdc sd csdx dsc sxscaca dccwec wewcsc sdc sd csdx dsc sxscaca dccwec wewcsc sdc sd csdx dsc sxscaca dccwec wewcsc sdc sd csdx dsc sxscaca dccwec wewcsc sdc sd csdx dsc sxscaca dccwec wewcsc sdc sd csdx dsc sxscaca dccwec wewcsc sdc sd csdx dsc sxscaca dccwec wewcsc sdc sd csdx dsc sxscaca dccwec wewcsc sdc sd csdx dsc s', 5431, 12, '2021-03-21 23:24:31', '2021-03-21 23:24:31'),
(177, 'TEST -ov', '58327d31ad162a54dca98a36dd06e9a857.jpg', 'TEDDDT-ov tu ado mn bac', 'xscaca dccwec wewcsc sdc sd csdx dsc sxscaca dccwec wewcsc sdc sd csdx dsc sxscaca dccwec wewcsc sdc sd csdx dsc sxscaca dccwec wewcsc sdc sd csdx dsc sxscaca dccwec wewcsc sdc sd csdx dsc sxscaca dccwec wewcsc sdc sd csdx dsc sxscaca dccwec wewcsc sdc sd csdx dsc sxscaca dccwec wewcsc sdc sd csdx dsc sxscaca dccwec wewcsc sdc sd csdx dsc s', 520, 1, '2021-03-21 23:23:30', '2021-03-21 23:23:30'),
(178, 'TEST -ov she', 'f4437012b7f7ee2cf9d0810c18c1d05690.jpg', 'asd123123edwe dw ewew cwe cwecwc wexscaca dccwec wewcsc sdc sd csdx dsc s', 'xscaca dccwec wewcsc sdc sd csdx dsc sxscaca dccwec wewcsc sdc sd csdx dsc sxscaca dccwec wewcsc sdc sd csdx dsc sxscaca dccwec wewcsc sdc sd csdx dsc sxscaca dccwec wewcsc sdc sd csdx dsc sxscaca dccwec wewcsc sdc sd csdx dsc sxscaca dccwec wewcsc sdc sd csdx dsc sxscaca dccwec wewcsc sdc sd csdx dsc sxscaca dccwec wewcsc sdc sd csdx dsc sxscaca dccwec wewcsc sdc sd csdx dsc s', 5431, 12, '2021-03-21 23:24:31', '2021-03-21 23:24:31'),
(179, 'TEST -ov', '58327d31ad162a54dca98a36dd06e9a857.jpg', 'TEDDDT-ov tu ado mn bac', 'xscaca dccwec wewcsc sdc sd csdx dsc sxscaca dccwec wewcsc sdc sd csdx dsc sxscaca dccwec wewcsc sdc sd csdx dsc sxscaca dccwec wewcsc sdc sd csdx dsc sxscaca dccwec wewcsc sdc sd csdx dsc sxscaca dccwec wewcsc sdc sd csdx dsc sxscaca dccwec wewcsc sdc sd csdx dsc sxscaca dccwec wewcsc sdc sd csdx dsc sxscaca dccwec wewcsc sdc sd csdx dsc s', 520, 1, '2021-03-21 23:23:30', '2021-03-21 23:23:30'),
(180, 'TEST -ov she', 'f4437012b7f7ee2cf9d0810c18c1d05690.jpg', 'asd123123edwe dw ewew cwe cwecwc wexscaca dccwec wewcsc sdc sd csdx dsc s', 'xscaca dccwec wewcsc sdc sd csdx dsc sxscaca dccwec wewcsc sdc sd csdx dsc sxscaca dccwec wewcsc sdc sd csdx dsc sxscaca dccwec wewcsc sdc sd csdx dsc sxscaca dccwec wewcsc sdc sd csdx dsc sxscaca dccwec wewcsc sdc sd csdx dsc sxscaca dccwec wewcsc sdc sd csdx dsc sxscaca dccwec wewcsc sdc sd csdx dsc sxscaca dccwec wewcsc sdc sd csdx dsc sxscaca dccwec wewcsc sdc sd csdx dsc s', 5431, 12, '2021-03-21 23:24:31', '2021-03-21 23:24:31'),
(181, 'TEST -ov', '58327d31ad162a54dca98a36dd06e9a857.jpg', 'TEDDDT-ov tu ado mn bac', 'xscaca dccwec wewcsc sdc sd csdx dsc sxscaca dccwec wewcsc sdc sd csdx dsc sxscaca dccwec wewcsc sdc sd csdx dsc sxscaca dccwec wewcsc sdc sd csdx dsc sxscaca dccwec wewcsc sdc sd csdx dsc sxscaca dccwec wewcsc sdc sd csdx dsc sxscaca dccwec wewcsc sdc sd csdx dsc sxscaca dccwec wewcsc sdc sd csdx dsc sxscaca dccwec wewcsc sdc sd csdx dsc s', 520, 1, '2021-03-21 23:23:30', '2021-03-21 23:23:30'),
(182, 'TEST -ov she', 'f4437012b7f7ee2cf9d0810c18c1d05690.jpg', 'asd123123edwe dw ewew cwe cwecwc wexscaca dccwec wewcsc sdc sd csdx dsc s', 'xscaca dccwec wewcsc sdc sd csdx dsc sxscaca dccwec wewcsc sdc sd csdx dsc sxscaca dccwec wewcsc sdc sd csdx dsc sxscaca dccwec wewcsc sdc sd csdx dsc sxscaca dccwec wewcsc sdc sd csdx dsc sxscaca dccwec wewcsc sdc sd csdx dsc sxscaca dccwec wewcsc sdc sd csdx dsc sxscaca dccwec wewcsc sdc sd csdx dsc sxscaca dccwec wewcsc sdc sd csdx dsc sxscaca dccwec wewcsc sdc sd csdx dsc s', 5431, 12, '2021-03-21 23:24:31', '2021-03-21 23:24:31'),
(183, 'TEST -ov', '58327d31ad162a54dca98a36dd06e9a857.jpg', 'TEDDDT-ov tu ado mn bac', 'xscaca dccwec wewcsc sdc sd csdx dsc sxscaca dccwec wewcsc sdc sd csdx dsc sxscaca dccwec wewcsc sdc sd csdx dsc sxscaca dccwec wewcsc sdc sd csdx dsc sxscaca dccwec wewcsc sdc sd csdx dsc sxscaca dccwec wewcsc sdc sd csdx dsc sxscaca dccwec wewcsc sdc sd csdx dsc sxscaca dccwec wewcsc sdc sd csdx dsc sxscaca dccwec wewcsc sdc sd csdx dsc s', 520, 1, '2021-03-21 23:23:30', '2021-03-21 23:23:30'),
(184, 'TEST -ov she', 'f4437012b7f7ee2cf9d0810c18c1d05690.jpg', 'asd123123edwe dw ewew cwe cwecwc wexscaca dccwec wewcsc sdc sd csdx dsc s', 'xscaca dccwec wewcsc sdc sd csdx dsc sxscaca dccwec wewcsc sdc sd csdx dsc sxscaca dccwec wewcsc sdc sd csdx dsc sxscaca dccwec wewcsc sdc sd csdx dsc sxscaca dccwec wewcsc sdc sd csdx dsc sxscaca dccwec wewcsc sdc sd csdx dsc sxscaca dccwec wewcsc sdc sd csdx dsc sxscaca dccwec wewcsc sdc sd csdx dsc sxscaca dccwec wewcsc sdc sd csdx dsc sxscaca dccwec wewcsc sdc sd csdx dsc s', 5431, 12, '2021-03-21 23:24:31', '2021-03-21 23:24:31'),
(185, 'TEST -ov', '58327d31ad162a54dca98a36dd06e9a857.jpg', 'TEDDDT-ov tu ado mn bac', 'xscaca dccwec wewcsc sdc sd csdx dsc sxscaca dccwec wewcsc sdc sd csdx dsc sxscaca dccwec wewcsc sdc sd csdx dsc sxscaca dccwec wewcsc sdc sd csdx dsc sxscaca dccwec wewcsc sdc sd csdx dsc sxscaca dccwec wewcsc sdc sd csdx dsc sxscaca dccwec wewcsc sdc sd csdx dsc sxscaca dccwec wewcsc sdc sd csdx dsc sxscaca dccwec wewcsc sdc sd csdx dsc s', 520, 1, '2021-03-21 23:23:30', '2021-03-21 23:23:30'),
(186, 'TEST -ov she', 'f4437012b7f7ee2cf9d0810c18c1d05690.jpg', 'asd123123edwe dw ewew cwe cwecwc wexscaca dccwec wewcsc sdc sd csdx dsc s', 'xscaca dccwec wewcsc sdc sd csdx dsc sxscaca dccwec wewcsc sdc sd csdx dsc sxscaca dccwec wewcsc sdc sd csdx dsc sxscaca dccwec wewcsc sdc sd csdx dsc sxscaca dccwec wewcsc sdc sd csdx dsc sxscaca dccwec wewcsc sdc sd csdx dsc sxscaca dccwec wewcsc sdc sd csdx dsc sxscaca dccwec wewcsc sdc sd csdx dsc sxscaca dccwec wewcsc sdc sd csdx dsc sxscaca dccwec wewcsc sdc sd csdx dsc s', 5431, 12, '2021-03-21 23:24:31', '2021-03-21 23:24:31'),
(187, 'TEST -ov', '58327d31ad162a54dca98a36dd06e9a857.jpg', 'TEDDDT-ov tu ado mn bac', 'xscaca dccwec wewcsc sdc sd csdx dsc sxscaca dccwec wewcsc sdc sd csdx dsc sxscaca dccwec wewcsc sdc sd csdx dsc sxscaca dccwec wewcsc sdc sd csdx dsc sxscaca dccwec wewcsc sdc sd csdx dsc sxscaca dccwec wewcsc sdc sd csdx dsc sxscaca dccwec wewcsc sdc sd csdx dsc sxscaca dccwec wewcsc sdc sd csdx dsc sxscaca dccwec wewcsc sdc sd csdx dsc s', 520, 1, '2021-03-21 23:23:30', '2021-03-21 23:23:30'),
(188, 'TEST -ov she', 'f4437012b7f7ee2cf9d0810c18c1d05690.jpg', 'asd123123edwe dw ewew cwe cwecwc wexscaca dccwec wewcsc sdc sd csdx dsc s', 'xscaca dccwec wewcsc sdc sd csdx dsc sxscaca dccwec wewcsc sdc sd csdx dsc sxscaca dccwec wewcsc sdc sd csdx dsc sxscaca dccwec wewcsc sdc sd csdx dsc sxscaca dccwec wewcsc sdc sd csdx dsc sxscaca dccwec wewcsc sdc sd csdx dsc sxscaca dccwec wewcsc sdc sd csdx dsc sxscaca dccwec wewcsc sdc sd csdx dsc sxscaca dccwec wewcsc sdc sd csdx dsc sxscaca dccwec wewcsc sdc sd csdx dsc s', 5431, 12, '2021-03-21 23:24:31', '2021-03-21 23:24:31'),
(189, 'TEST -ov', '58327d31ad162a54dca98a36dd06e9a857.jpg', 'TEDDDT-ov tu ado mn bac', 'xscaca dccwec wewcsc sdc sd csdx dsc sxscaca dccwec wewcsc sdc sd csdx dsc sxscaca dccwec wewcsc sdc sd csdx dsc sxscaca dccwec wewcsc sdc sd csdx dsc sxscaca dccwec wewcsc sdc sd csdx dsc sxscaca dccwec wewcsc sdc sd csdx dsc sxscaca dccwec wewcsc sdc sd csdx dsc sxscaca dccwec wewcsc sdc sd csdx dsc sxscaca dccwec wewcsc sdc sd csdx dsc s', 520, 1, '2021-03-21 23:23:30', '2021-03-21 23:23:30'),
(190, 'TEST -ov she', 'f4437012b7f7ee2cf9d0810c18c1d05690.jpg', 'asd123123edwe dw ewew cwe cwecwc wexscaca dccwec wewcsc sdc sd csdx dsc s', 'xscaca dccwec wewcsc sdc sd csdx dsc sxscaca dccwec wewcsc sdc sd csdx dsc sxscaca dccwec wewcsc sdc sd csdx dsc sxscaca dccwec wewcsc sdc sd csdx dsc sxscaca dccwec wewcsc sdc sd csdx dsc sxscaca dccwec wewcsc sdc sd csdx dsc sxscaca dccwec wewcsc sdc sd csdx dsc sxscaca dccwec wewcsc sdc sd csdx dsc sxscaca dccwec wewcsc sdc sd csdx dsc sxscaca dccwec wewcsc sdc sd csdx dsc s', 5431, 12, '2021-03-21 23:24:31', '2021-03-21 23:24:31'),
(191, 'TEST -ov', '58327d31ad162a54dca98a36dd06e9a857.jpg', 'TEDDDT-ov tu ado mn bac', 'xscaca dccwec wewcsc sdc sd csdx dsc sxscaca dccwec wewcsc sdc sd csdx dsc sxscaca dccwec wewcsc sdc sd csdx dsc sxscaca dccwec wewcsc sdc sd csdx dsc sxscaca dccwec wewcsc sdc sd csdx dsc sxscaca dccwec wewcsc sdc sd csdx dsc sxscaca dccwec wewcsc sdc sd csdx dsc sxscaca dccwec wewcsc sdc sd csdx dsc sxscaca dccwec wewcsc sdc sd csdx dsc s', 520, 1, '2021-03-21 23:23:30', '2021-03-21 23:23:30'),
(192, 'TEST -ov she', 'f4437012b7f7ee2cf9d0810c18c1d05690.jpg', 'asd123123edwe dw ewew cwe cwecwc wexscaca dccwec wewcsc sdc sd csdx dsc s', 'xscaca dccwec wewcsc sdc sd csdx dsc sxscaca dccwec wewcsc sdc sd csdx dsc sxscaca dccwec wewcsc sdc sd csdx dsc sxscaca dccwec wewcsc sdc sd csdx dsc sxscaca dccwec wewcsc sdc sd csdx dsc sxscaca dccwec wewcsc sdc sd csdx dsc sxscaca dccwec wewcsc sdc sd csdx dsc sxscaca dccwec wewcsc sdc sd csdx dsc sxscaca dccwec wewcsc sdc sd csdx dsc sxscaca dccwec wewcsc sdc sd csdx dsc s', 5431, 12, '2021-03-21 23:24:31', '2021-03-21 23:24:31'),
(193, 'TEST -ov', '58327d31ad162a54dca98a36dd06e9a857.jpg', 'TEDDDT-ov tu ado mn bac', 'xscaca dccwec wewcsc sdc sd csdx dsc sxscaca dccwec wewcsc sdc sd csdx dsc sxscaca dccwec wewcsc sdc sd csdx dsc sxscaca dccwec wewcsc sdc sd csdx dsc sxscaca dccwec wewcsc sdc sd csdx dsc sxscaca dccwec wewcsc sdc sd csdx dsc sxscaca dccwec wewcsc sdc sd csdx dsc sxscaca dccwec wewcsc sdc sd csdx dsc sxscaca dccwec wewcsc sdc sd csdx dsc s', 520, 1, '2021-03-21 23:23:30', '2021-03-21 23:23:30'),
(194, 'TEST -ov she', 'f4437012b7f7ee2cf9d0810c18c1d05690.jpg', 'asd123123edwe dw ewew cwe cwecwc wexscaca dccwec wewcsc sdc sd csdx dsc s', 'xscaca dccwec wewcsc sdc sd csdx dsc sxscaca dccwec wewcsc sdc sd csdx dsc sxscaca dccwec wewcsc sdc sd csdx dsc sxscaca dccwec wewcsc sdc sd csdx dsc sxscaca dccwec wewcsc sdc sd csdx dsc sxscaca dccwec wewcsc sdc sd csdx dsc sxscaca dccwec wewcsc sdc sd csdx dsc sxscaca dccwec wewcsc sdc sd csdx dsc sxscaca dccwec wewcsc sdc sd csdx dsc sxscaca dccwec wewcsc sdc sd csdx dsc s', 5431, 12, '2021-03-21 23:24:31', '2021-03-21 23:24:31'),
(195, 'TEST -ov', '58327d31ad162a54dca98a36dd06e9a857.jpg', 'TEDDDT-ov tu ado mn bac', 'xscaca dccwec wewcsc sdc sd csdx dsc sxscaca dccwec wewcsc sdc sd csdx dsc sxscaca dccwec wewcsc sdc sd csdx dsc sxscaca dccwec wewcsc sdc sd csdx dsc sxscaca dccwec wewcsc sdc sd csdx dsc sxscaca dccwec wewcsc sdc sd csdx dsc sxscaca dccwec wewcsc sdc sd csdx dsc sxscaca dccwec wewcsc sdc sd csdx dsc sxscaca dccwec wewcsc sdc sd csdx dsc s', 520, 1, '2021-03-21 23:23:30', '2021-03-21 23:23:30'),
(196, 'TEST -ov she', 'f4437012b7f7ee2cf9d0810c18c1d05690.jpg', 'asd123123edwe dw ewew cwe cwecwc wexscaca dccwec wewcsc sdc sd csdx dsc s', 'xscaca dccwec wewcsc sdc sd csdx dsc sxscaca dccwec wewcsc sdc sd csdx dsc sxscaca dccwec wewcsc sdc sd csdx dsc sxscaca dccwec wewcsc sdc sd csdx dsc sxscaca dccwec wewcsc sdc sd csdx dsc sxscaca dccwec wewcsc sdc sd csdx dsc sxscaca dccwec wewcsc sdc sd csdx dsc sxscaca dccwec wewcsc sdc sd csdx dsc sxscaca dccwec wewcsc sdc sd csdx dsc sxscaca dccwec wewcsc sdc sd csdx dsc s', 5431, 12, '2021-03-21 23:24:31', '2021-03-21 23:24:31');

-- --------------------------------------------------------

--
-- Структура таблицы `rbac_access`
--

CREATE TABLE `rbac_access` (
  `role` varchar(128) NOT NULL,
  `permission` varchar(128) NOT NULL
) ENGINE=InnoDB DEFAULT CHARSET=utf8;

--
-- Дамп данных таблицы `rbac_access`
--

INSERT INTO `rbac_access` (`role`, `permission`) VALUES
('ROLE_SUPERADMIN', 'ACCESS_SAVE'),
('ROLE_SUPERADMIN', 'ACCESS_UPDATE'),
('ROLE_SUPERADMIN', 'CATEGORY_CREATE'),
('ROLE_SUPERADMIN', 'CATEGORY_LIST'),
('ROLE_SUPERADMIN', 'CATEGORY_SAVE'),
('ROLE_SUPERADMIN', 'DELIVERY_CREATE'),
('ROLE_SUPERADMIN', 'DELIVERY_DELETE'),
('ROLE_SUPERADMIN', 'DELIVERY_READ'),
('ROLE_SUPERADMIN', 'DELIVERY_UPDATE'),
('ROLE_SUPERADMIN', 'LIST_ORDER'),
('ROLE_SUPERADMIN', 'NEWS_CREATE'),
('ROLE_SUPERADMIN', 'ORDER_CREATE'),
('ROLE_SUPERADMIN', 'ORDER_LIST'),
('ROLE_SUPERADMIN', 'ORDER_SAVE'),
('ROLE_SUPERADMIN', 'PAYMENT_CREATE'),
('ROLE_SUPERADMIN', 'PAYMENT_DELETE'),
('ROLE_SUPERADMIN', 'PAYMENT_READ'),
('ROLE_SUPERADMIN', 'PAYMENT_UPDATE'),
('ROLE_SUPERADMIN', 'PERMISSION_CREATE'),
('ROLE_SUPERADMIN', 'PERMISSION_DELETE'),
('ROLE_SUPERADMIN', 'PERMISSION_READ'),
('ROLE_SUPERADMIN', 'PERMISSION_SAVE'),
('ROLE_SUPERADMIN', 'PRODUCT_CREATE'),
('ROLE_SUPERADMIN', 'PRODUCT_DELETE'),
('ROLE_SUPERADMIN', 'PRODUCT_READ'),
('ROLE_SUPERADMIN', 'PRODUCT_SAVE'),
('ROLE_SUPERADMIN', 'PRODUCT_UPDATE'),
('ROLE_SUPERADMIN', 'SHOP_CREATE'),
('ROLE_SUPERADMIN', 'SHOP_DELETE'),
('ROLE_SUPERADMIN', 'SHOP_READ'),
('ROLE_SUPERADMIN', 'SHOP_UPDATE'),
('ROLE_ADMIN', 'DELIVERY_CREATE'),
('ROLE_ADMIN', 'DELIVERY_DELETE'),
('ROLE_ADMIN', 'DELIVERY_READ'),
('ROLE_ADMIN', 'DELIVERY_UPDATE'),
('ROLE_ADMIN', 'PAYMENT_CREATE'),
('ROLE_ADMIN', 'PAYMENT_DELETE'),
('ROLE_ADMIN', 'PAYMENT_READ'),
('ROLE_ADMIN', 'PAYMENT_UPDATE'),
('ROLE_ADMIN', 'PRODUCT_CREATE'),
('ROLE_ADMIN', 'PRODUCT_DELETE'),
('ROLE_ADMIN', 'PRODUCT_READ'),
('ROLE_ADMIN', 'PRODUCT_UPDATE'),
('ROLE_ADMIN', 'SHOP_CREATE'),
('ROLE_ADMIN', 'SHOP_DELETE'),
('ROLE_ADMIN', 'SHOP_READ'),
('ROLE_ADMIN', 'SHOP_UPDATE'),
('ROLE_MANAGER', 'DELIVERY_READ'),
('ROLE_MANAGER', 'PAYMENT_READ'),
('ROLE_MANAGER', 'PRODUCT_READ'),
('ROLE_MANAGER', 'SHOP_READ');

-- --------------------------------------------------------

--
-- Структура таблицы `rbac_permission`
--

CREATE TABLE `rbac_permission` (
  `permission` varchar(128) NOT NULL
) ENGINE=InnoDB DEFAULT CHARSET=utf8;

--
-- Дамп данных таблицы `rbac_permission`
--

INSERT INTO `rbac_permission` (`permission`) VALUES
('ACCESS_SAVE'),
('ACCESS_UPDATE'),
('CATEGORY_CREATE'),
('CATEGORY_LIST'),
('CATEGORY_SAVE'),
('DELIVERY_CREATE'),
('DELIVERY_DELETE'),
('DELIVERY_READ'),
('DELIVERY_UPDATE'),
('LIST_ORDER'),
('NEWS_CREATE'),
('ORDER_CREATE'),
('ORDER_LIST'),
('ORDER_SAVE'),
('PAYMENT_CREATE'),
('PAYMENT_DELETE'),
('PAYMENT_READ'),
('PAYMENT_UPDATE'),
('PERMISSION_CREATE'),
('PERMISSION_DELETE'),
('PERMISSION_READ'),
('PERMISSION_SAVE'),
('PRODUCT_CREATE'),
('PRODUCT_DELETE'),
('PRODUCT_READ'),
('PRODUCT_SAVE'),
('PRODUCT_UPDATE'),
('SHOP_CREATE'),
('SHOP_DELETE'),
('SHOP_READ'),
('SHOP_UPDATE');

-- --------------------------------------------------------

--
-- Структура таблицы `rbac_role`
--

CREATE TABLE `rbac_role` (
  `role` varchar(64) NOT NULL
) ENGINE=InnoDB DEFAULT CHARSET=utf8;

--
-- Дамп данных таблицы `rbac_role`
--

INSERT INTO `rbac_role` (`role`) VALUES
('ROLE_ADMIN'),
('ROLE_MANAGER'),
('ROLE_PRODUCT_ADMIN'),
('ROLE_SHOP_ADMIN'),
('ROLE_SHOP_MANAGER'),
('ROLE_SUPERADMIN');

-- --------------------------------------------------------

--
-- Структура таблицы `shops`
--

CREATE TABLE `shops` (
  `id` int(11) NOT NULL,
  `title` varchar(255) DEFAULT NULL,
  `address` varchar(255) DEFAULT NULL
) ENGINE=InnoDB DEFAULT CHARSET=utf8;

-- --------------------------------------------------------

--
-- Структура таблицы `user`
--

CREATE TABLE `user` (
  `id` int(11) NOT NULL,
  `name` varchar(256) NOT NULL,
  `phone` varchar(256) NOT NULL,
  `email` varchar(256) NOT NULL,
  `password` varchar(256) NOT NULL,
  `roles` varchar(256) NOT NULL
) ENGINE=InnoDB DEFAULT CHARSET=utf8;

--
-- Дамп данных таблицы `user`
--

INSERT INTO `user` (`id`, `name`, `phone`, `email`, `password`, `roles`) VALUES
(1, 'sheroz', '+992006606366', 'zoidov01@inbox.ru', '81dc9bdb52d04dc20036dbd8313ed055', '[\"ROLE_SUPERADMIN\"]');

--
-- Индексы сохранённых таблиц
--

--
-- Индексы таблицы `basket`
--
ALTER TABLE `basket`
  ADD PRIMARY KEY (`id`);

--
-- Индексы таблицы `basket_item`
--
ALTER TABLE `basket_item`
  ADD PRIMARY KEY (`id`);

--
-- Индексы таблицы `categories`
--
ALTER TABLE `categories`
  ADD PRIMARY KEY (`id`);

--
-- Индексы таблицы `category_group`
--
ALTER TABLE `category_group`
  ADD PRIMARY KEY (`id`);

--
-- Индексы таблицы `comments`
--
ALTER TABLE `comments`
  ADD PRIMARY KEY (`id`);

--
-- Индексы таблицы `delivery`
--
ALTER TABLE `delivery`
  ADD PRIMARY KEY (`id`);

--
-- Индексы таблицы `news`
--
ALTER TABLE `news`
  ADD PRIMARY KEY (`id`);

--
-- Индексы таблицы `orders`
--
ALTER TABLE `orders`
  ADD PRIMARY KEY (`id`);

--
-- Индексы таблицы `order_item`
--
ALTER TABLE `order_item`
  ADD PRIMARY KEY (`id`);

--
-- Индексы таблицы `payment`
--
ALTER TABLE `payment`
  ADD PRIMARY KEY (`id`);

--
-- Индексы таблицы `products`
--
ALTER TABLE `products`
  ADD PRIMARY KEY (`id`);

--
-- Индексы таблицы `rbac_permission`
--
ALTER TABLE `rbac_permission`
  ADD UNIQUE KEY `permission` (`permission`);

--
-- Индексы таблицы `rbac_role`
--
ALTER TABLE `rbac_role`
  ADD UNIQUE KEY `role` (`role`);

--
-- Индексы таблицы `shops`
--
ALTER TABLE `shops`
  ADD PRIMARY KEY (`id`);

--
-- Индексы таблицы `user`
--
ALTER TABLE `user`
  ADD PRIMARY KEY (`id`),
  ADD UNIQUE KEY `phone` (`phone`),
  ADD UNIQUE KEY `email` (`email`);

--
-- AUTO_INCREMENT для сохранённых таблиц
--

--
-- AUTO_INCREMENT для таблицы `basket`
--
ALTER TABLE `basket`
  MODIFY `id` int(11) NOT NULL AUTO_INCREMENT, AUTO_INCREMENT=4;

--
-- AUTO_INCREMENT для таблицы `basket_item`
--
ALTER TABLE `basket_item`
  MODIFY `id` int(11) NOT NULL AUTO_INCREMENT, AUTO_INCREMENT=24;

--
-- AUTO_INCREMENT для таблицы `categories`
--
ALTER TABLE `categories`
  MODIFY `id` int(11) NOT NULL AUTO_INCREMENT, AUTO_INCREMENT=20;

--
-- AUTO_INCREMENT для таблицы `category_group`
--
ALTER TABLE `category_group`
  MODIFY `id` int(11) NOT NULL AUTO_INCREMENT, AUTO_INCREMENT=6;

--
-- AUTO_INCREMENT для таблицы `comments`
--
ALTER TABLE `comments`
  MODIFY `id` int(11) NOT NULL AUTO_INCREMENT, AUTO_INCREMENT=3;

--
-- AUTO_INCREMENT для таблицы `delivery`
--
ALTER TABLE `delivery`
  MODIFY `id` int(11) NOT NULL AUTO_INCREMENT, AUTO_INCREMENT=7;

--
-- AUTO_INCREMENT для таблицы `news`
--
ALTER TABLE `news`
  MODIFY `id` int(11) NOT NULL AUTO_INCREMENT, AUTO_INCREMENT=16;

--
-- AUTO_INCREMENT для таблицы `orders`
--
ALTER TABLE `orders`
  MODIFY `id` int(11) NOT NULL AUTO_INCREMENT, AUTO_INCREMENT=37;

--
-- AUTO_INCREMENT для таблицы `order_item`
--
ALTER TABLE `order_item`
  MODIFY `id` int(11) NOT NULL AUTO_INCREMENT, AUTO_INCREMENT=11;

--
-- AUTO_INCREMENT для таблицы `payment`
--
ALTER TABLE `payment`
  MODIFY `id` int(11) NOT NULL AUTO_INCREMENT;

--
-- AUTO_INCREMENT для таблицы `products`
--
ALTER TABLE `products`
  MODIFY `id` int(11) NOT NULL AUTO_INCREMENT, AUTO_INCREMENT=228;

--
-- AUTO_INCREMENT для таблицы `shops`
--
ALTER TABLE `shops`
  MODIFY `id` int(11) NOT NULL AUTO_INCREMENT, AUTO_INCREMENT=19;

--
-- AUTO_INCREMENT для таблицы `user`
--
ALTER TABLE `user`
  MODIFY `id` int(11) NOT NULL AUTO_INCREMENT, AUTO_INCREMENT=2;
COMMIT;

/*!40101 SET CHARACTER_SET_CLIENT=@OLD_CHARACTER_SET_CLIENT */;
/*!40101 SET CHARACTER_SET_RESULTS=@OLD_CHARACTER_SET_RESULTS */;
/*!40101 SET COLLATION_CONNECTION=@OLD_COLLATION_CONNECTION */;
